 83, 54, 35, 26, 36, 54, 83, 69, 21, 1, 23, 69, 0
 83, 54, 35, 26, 36, 54, 83, 69, 21, 1, 23, 69, 0
 84, 54, 36, 26, 36, 54, 84, 69, 21, 1, 23, 69, 113
 85, 56, 40, 31, 41, 57, 85, 70, 22, 5, 23, 70, 226
 85, 58, 44, 36, 45, 60, 85, 69, 26, 11, 25, 69, 137
 86, 60, 45, 37, 46, 62, 86, 71, 26, 11, 24, 71, 33
 86, 58, 44, 36, 46, 62, 86, 70, 26, 11, 24, 70, 174
 85, 58, 42, 35, 44, 60, 85, 69, 25, 10, 24, 69, 242
 86, 59, 43, 36, 46, 61, 86, 69, 26, 9, 25, 69, 182
 60, 45, 38, 31, 36, 41, 60, 46, 17, 11, 19, 46, 125
 59, 46, 39, 35, 40, 47, 59, 46, 20, 12, 18, 46, 31
 63, 50, 45, 40, 45, 49, 63, 51, 22, 14, 21, 51, 209
 67, 53, 48, 42, 47, 53, 67, 55, 25, 18, 25, 55, 178
 63, 47, 38, 34, 39, 46, 63, 53, 21, 14, 20, 53, 28
 61, 43, 33, 30, 35, 45, 61, 49, 17, 11, 17, 49, 60
 61, 37, 24, 19, 24, 38, 61, 50, 14, 1, 12, 50, 38
 84, 57, 44, 36, 45, 59, 84, 69, 26, 11, 25, 69, 229
 84, 59, 44, 36, 44, 59, 84, 68, 26, 11, 25, 68, 215
 83, 59, 43, 35, 43, 59, 83, 67, 25, 10, 24, 67, 248
 84, 59, 43, 35, 43, 59, 84, 68, 25, 9, 25, 68, 134
 83, 58, 42, 34, 43, 59, 83, 68, 25, 9, 24, 68, 178
 82, 58, 43, 34, 43, 59, 82, 68, 25, 8, 24, 68, 50
 84, 59, 42, 32, 42, 59, 84, 70, 26, 5, 24, 70, 101
 54, 35, 22, 18, 25, 37, 54, 45, 13, 4, 13, 45, 219
 52, 34, 20, 18, 22, 35, 52, 44, 13, 4, 13, 44, 51
 51, 32, 20, 17, 23, 36, 51, 44, 13, 3, 12, 44, 163
 52, 33, 21, 19, 23, 36, 52, 43, 12, 3, 12, 43, 140
 53, 35, 22, 19, 24, 37, 53, 44, 14, 5, 13, 44, 241
 52, 34, 22, 19, 25, 37, 52, 44, 15, 5, 13, 44, 169
 53, 34, 23, 20, 25, 37, 53, 44, 15, 5, 12, 44, 70
 26, 18, 10, 7, 8, 15, 26, 22, 5, 1, 7, 22, 210
 27, 18, 12, 8, 10, 17, 27, 23, 7, 2, 7, 23, 235
 28, 18, 11, 7, 8, 15, 28, 23, 6, 1, 8, 23, 117
 26, 19, 10, 7, 9, 16, 26, 23, 6, 1, 8, 23, 20
 27, 18, 11, 7, 9, 16, 27, 23, 6, 1, 8, 23, 207
 26, 19, 11, 7, 9, 16, 26, 23, 6, 1, 7, 23, 92
 28, 20, 12, 8, 10, 17, 28, 23, 6, 2, 7, 23, 249
 77, 49, 29, 20, 29, 50, 77, 65, 20, 2, 19, 65, 218
 76, 50, 29, 21, 30, 49, 76, 64, 21, 3, 19, 64, 212
 78, 50, 30, 22, 31, 50, 78, 66, 21, 4, 20, 66, 119
 79, 52, 33, 28, 35, 54, 79, 67, 22, 10, 22, 67, 203
 74, 48, 29, 21, 29, 48, 74, 61, 19, 3, 19, 61, 241
 74, 49, 30, 21, 29, 48, 74, 62, 19, 4, 18, 62, 141
 79, 51, 29, 21, 29, 50, 79, 66, 20, 3, 19, 66, 184
 74, 52, 38, 29, 38, 52, 74, 61, 22, 2, 22, 61, 68
 73, 53, 38, 31, 38, 52, 73, 60, 22, 4, 21, 60, 41
 70, 53, 40, 32, 40, 53, 70, 58, 22, 7, 23, 58, 66
 73, 57, 44, 37, 43, 56, 73, 61, 24, 13, 26, 61, 37
 74, 59, 47, 40, 45, 57, 74, 61, 23, 11, 24, 61, 16
 74, 59, 47, 39, 46, 58, 74, 61, 25, 14, 26, 61, 24
 74, 57, 43, 35, 42, 55, 74, 62, 25, 12, 25, 62, 132
 44, 32, 27, 24, 27, 33, 44, 35, 13, 6, 13, 35, 245
 44, 32, 26, 23, 27, 33, 44, 35, 12, 6, 13, 35, 43
 40, 26, 21, 19, 21, 27, 40, 32, 10, 6, 11, 32, 47
 42, 33, 25, 20, 23, 32, 42, 35, 13, 6, 13, 35, 186
 41, 31, 25, 21, 25, 31, 41, 35, 13, 6, 13, 35, 244
 43, 33, 26, 23, 26, 32, 43, 35, 13, 6, 13, 35, 2
 44, 33, 26, 24, 28, 34, 44, 36, 14, 8, 14, 36, 45
 77, 50, 31, 25, 32, 51, 77, 65, 20, 7, 19, 65, 61
 77, 50, 31, 24, 32, 51, 77, 65, 21, 6, 20, 65, 39
 75, 50, 32, 25, 32, 50, 75, 62, 19, 5, 18, 62, 248
 76, 48, 30, 21, 29, 49, 76, 63, 19, 3, 19, 63, 175
 74, 48, 30, 23, 30, 48, 74, 61, 19, 4, 17, 61, 182
 72, 49, 32, 26, 33, 50, 72, 61, 19, 6, 18, 61, 163
 72, 48, 32, 26, 33, 49, 72, 59, 18, 7, 19, 59, 216
 82, 53, 34, 23, 33, 52, 82, 69, 22, 1, 22, 69, 119
 82, 53, 34, 23, 33, 52, 82, 69, 22, 1, 22, 69, 234
 80, 53, 35, 26, 35, 53, 80, 66, 22, 0, 21, 66, 55
 79, 52, 36, 28, 37, 53, 79, 65, 22, 1, 20, 65, 134
 76, 53, 41, 33, 39, 53, 76, 61, 21, 5, 20, 61, 39
 77, 56, 42, 34, 41, 54, 77, 62, 21, 6, 21, 62, 244
 77, 55, 42, 35, 42, 54, 77, 61, 21, 6, 21, 61, 220
 61, 43, 34, 29, 35, 42, 61, 47, 14, 7, 16, 47, 175
 61, 42, 34, 29, 34, 42, 61, 47, 15, 6, 16, 47, 6
 64, 43, 33, 29, 34, 42, 64, 50, 15, 5, 16, 50, 245
 62, 42, 32, 27, 33, 42, 62, 49, 14, 4, 15, 49, 216
 63, 43, 33, 28, 32, 42, 63, 50, 14, 5, 15, 50, 207
 63, 43, 32, 28, 33, 42, 63, 49, 14, 5, 15, 49, 8
 64, 43, 32, 28, 33, 43, 64, 50, 15, 4, 16, 50, 171
 109, 68, 41, 30, 41, 68, 109, 93, 27, 2, 27, 93, 56
 109, 67, 41, 29, 42, 68, 109, 92, 28, 2, 27, 92, 121
 110, 68, 40, 29, 41, 68, 110, 93, 27, 2, 27, 93, 42
 110, 69, 41, 30, 41, 68, 110, 94, 28, 2, 27, 94, 25
 110, 68, 41, 29, 41, 68, 110, 93, 27, 1, 27, 93, 184
 110, 68, 40, 29, 41, 69, 110, 93, 28, 1, 27, 93, 116
 108, 67, 41, 30, 41, 68, 108, 92, 27, 1, 26, 92, 90
 54, 39, 30, 25, 30, 39, 54, 45, 19, 11, 18, 45, 112
 52, 34, 20, 14, 20, 34, 52, 43, 16, 1, 14, 43, 244
 52, 40, 34, 32, 35, 41, 52, 42, 21, 15, 19, 42, 185
 51, 37, 30, 27, 31, 37, 51, 42, 17, 11, 15, 42, 10
 52, 35, 24, 21, 26, 37, 52, 42, 17, 7, 15, 42, 136
 52, 36, 26, 24, 28, 38, 52, 42, 16, 9, 15, 42, 20
 51, 35, 22, 19, 24, 33, 51, 43, 13, 3, 13, 43, 75
 82, 55, 37, 29, 38, 54, 82, 67, 21, 5, 23, 67, 222
 83, 56, 37, 27, 37, 55, 83, 70, 21, 3, 23, 70, 254
 83, 55, 38, 28, 37, 55, 83, 68, 22, 5, 24, 68, 138
 82, 55, 39, 29, 39, 55, 82, 68, 21, 6, 23, 68, 112
 82, 55, 39, 29, 39, 56, 82, 65, 21, 5, 23, 65, 165
 83, 56, 38, 28, 37, 57, 83, 69, 20, 4, 24, 69, 87
 85, 56, 38, 29, 36, 56, 85, 70, 21, 7, 22, 70, 143
 66, 46, 33, 25, 31, 45, 66, 56, 18, 2, 19, 56, 162
 66, 47, 32, 24, 31, 46, 66, 55, 18, 2, 20, 55, 82
 65, 45, 31, 23, 29, 42, 65, 54, 17, 3, 19, 54, 74
 65, 45, 32, 25, 30, 43, 65, 55, 16, 4, 18, 55, 1
 65, 46, 33, 26, 33, 45, 65, 54, 16, 3, 17, 54, 65
 66, 46, 34, 26, 32, 45, 66, 54, 17, 2, 19, 54, 41
 66, 47, 36, 29, 35, 46, 66, 55, 18, 5, 19, 55, 154
 89, 60, 41, 32, 43, 61, 89, 73, 24, 6, 23, 73, 185
 89, 59, 42, 33, 44, 62, 89, 73, 24, 5, 24, 73, 106
 89, 59, 41, 33, 43, 62, 89, 73, 25, 6, 24, 73, 32
 91, 60, 42, 33, 44, 63, 91, 74, 25, 5, 23, 74, 96
 91, 60, 40, 32, 42, 62, 91, 75, 24, 4, 23, 75, 41
 91, 60, 41, 33, 43, 62, 91, 74, 25, 4, 23, 74, 173
 88, 59, 40, 32, 42, 61, 88, 72, 24, 5, 23, 72, 110
 94, 64, 43, 36, 46, 66, 94, 78, 26, 7, 25, 78, 232
 90, 62, 43, 36, 47, 65, 90, 76, 27, 9, 25, 76, 0
 92, 63, 43, 35, 46, 66, 92, 77, 27, 8, 25, 77, 239
 92, 62, 43, 35, 45, 64, 92, 78, 26, 8, 25, 78, 206
 93, 62, 43, 35, 45, 66, 93, 78, 26, 8, 25, 78, 187
 90, 60, 43, 36, 45, 63, 90, 75, 26, 7, 24, 75, 25
 89, 61, 43, 36, 46, 64, 89, 75, 25, 9, 24, 75, 146
 74, 61, 51, 45, 50, 59, 74, 60, 27, 17, 26, 60, 148
 68, 59, 53, 49, 52, 56, 68, 57, 30, 26, 33, 57, 191
 70, 60, 51, 45, 49, 56, 70, 58, 30, 25, 32, 58, 19
 72, 59, 47, 41, 47, 59, 72, 60, 28, 19, 28, 60, 39
 72, 56, 45, 39, 47, 57, 72, 60, 26, 17, 26, 60, 237
 70, 51, 40, 33, 40, 51, 70, 56, 20, 5, 19, 56, 179
 67, 47, 34, 27, 35, 48, 67, 55, 19, 4, 18, 55, 161
 48, 28, 15, 11, 15, 29, 48, 40, 11, 0, 11, 40, 176
 48, 27, 15, 11, 15, 29, 48, 40, 11, 1, 11, 40, 15
 48, 27, 15, 11, 15, 28, 48, 40, 11, 0, 11, 40, 152
 48, 28, 15, 11, 16, 29, 48, 40, 11, 0, 11, 40, 106
 47, 27, 15, 11, 15, 27, 47, 40, 11, 0, 11, 40, 34
 48, 27, 15, 11, 15, 28, 48, 40, 11, 0, 11, 40, 219
 48, 29, 16, 11, 16, 30, 48, 41, 11, 0, 11, 41, 141
 58, 37, 23, 19, 25, 38, 58, 50, 15, 8, 15, 50, 19
 56, 37, 23, 19, 24, 38, 56, 50, 15, 7, 15, 50, 18
 56, 37, 24, 21, 26, 38, 56, 50, 16, 9, 16, 50, 53
 58, 37, 24, 21, 25, 38, 58, 50, 16, 9, 16, 50, 11
 58, 38, 25, 19, 25, 38, 58, 50, 16, 8, 16, 50, 244
 57, 38, 24, 19, 25, 38, 57, 50, 17, 8, 16, 50, 1
 57, 38, 24, 21, 25, 38, 57, 50, 17, 9, 15, 50, 210
 73, 50, 33, 24, 31, 48, 73, 59, 18, 1, 22, 59, 226
 73, 48, 33, 24, 32, 48, 73, 61, 18, 2, 20, 61, 201
 74, 49, 33, 24, 32, 48, 74, 60, 18, 1, 20, 60, 138
 73, 49, 35, 26, 33, 49, 73, 59, 18, 2, 21, 59, 22
 71, 48, 33, 25, 32, 48, 71, 57, 17, 2, 19, 57, 19
 69, 48, 33, 25, 33, 47, 69, 56, 16, 1, 20, 56, 91
 66, 46, 33, 26, 33, 45, 66, 54, 16, 1, 20, 54, 199
 104, 73, 52, 38, 49, 70, 104, 85, 24, 8, 32, 85, 217
 103, 72, 53, 41, 51, 71, 103, 86, 26, 9, 31, 86, 125
 100, 72, 52, 39, 48, 67, 100, 83, 26, 10, 30, 83, 205
 101, 71, 51, 39, 48, 67, 101, 84, 27, 10, 30, 84, 2
 103, 73, 51, 39, 48, 68, 103, 86, 26, 8, 30, 86, 60
 98, 69, 47, 34, 42, 63, 98, 82, 25, 8, 29, 82, 178
 99, 70, 48, 35, 43, 65, 99, 83, 26, 8, 29, 83, 229
 78, 49, 29, 24, 32, 51, 78, 67, 20, 8, 18, 67, 38
 80, 51, 31, 24, 32, 52, 80, 68, 21, 8, 20, 68, 2
 78, 50, 30, 24, 32, 52, 78, 67, 21, 8, 20, 67, 14
 79, 51, 29, 24, 32, 52, 79, 67, 20, 8, 20, 67, 243
 79, 50, 30, 24, 31, 52, 79, 68, 21, 8, 19, 68, 124
 78, 49, 29, 23, 30, 51, 78, 66, 21, 7, 18, 66, 0
 78, 50, 27, 22, 30, 51, 78, 66, 20, 7, 18, 66, 249
 51, 40, 33, 28, 32, 39, 51, 41, 17, 10, 17, 41, 134
 44, 35, 30, 25, 30, 36, 44, 35, 14, 6, 13, 35, 169
 44, 34, 31, 27, 31, 36, 44, 34, 14, 7, 13, 34, 47
 43, 35, 30, 27, 31, 36, 43, 35, 15, 8, 14, 35, 34
 42, 33, 29, 27, 30, 35, 42, 33, 13, 6, 13, 33, 47
 43, 34, 29, 26, 30, 35, 43, 33, 14, 6, 12, 33, 118
 43, 35, 30, 28, 31, 36, 43, 34, 15, 8, 13, 34, 38
 43, 34, 30, 27, 31, 36, 43, 34, 15, 7, 13, 34, 216
 29, 20, 12, 9, 11, 18, 29, 24, 8, 3, 7, 24, 173
 29, 20, 13, 9, 11, 18, 29, 24, 8, 3, 7, 24, 0
 29, 19, 14, 11, 13, 19, 29, 24, 8, 4, 8, 24, 16
 30, 21, 14, 9, 12, 19, 30, 25, 8, 4, 8, 25, 141
 30, 21, 14, 10, 13, 19, 30, 25, 8, 4, 8, 25, 96
 30, 21, 14, 11, 13, 20, 30, 25, 9, 5, 8, 25, 79
 30, 21, 13, 9, 12, 19, 30, 25, 8, 5, 8, 25, 208
 73, 52, 41, 36, 43, 56, 73, 60, 19, 8, 21, 60, 135
 73, 52, 41, 36, 43, 56, 73, 60, 19, 8, 21, 60, 58
 72, 50, 34, 28, 35, 50, 72, 60, 16, 3, 20, 60, 73
 72, 48, 35, 28, 36, 50, 72, 60, 16, 3, 19, 60, 137
 73, 49, 35, 29, 37, 52, 73, 59, 17, 5, 19, 59, 215
 73, 50, 36, 30, 38, 52, 73, 61, 17, 5, 20, 61, 164
 78, 52, 38, 33, 41, 56, 78, 63, 20, 7, 21, 63, 170
 43, 29, 20, 16, 20, 30, 43, 35, 11, 0, 10, 35, 52
 42, 27, 18, 15, 19, 28, 42, 34, 11, 1, 10, 34, 22
 43, 29, 20, 16, 21, 31, 43, 35, 11, 3, 10, 35, 43
 44, 28, 17, 12, 18, 30, 44, 36, 11, 1, 10, 36, 10
 45, 31, 20, 16, 21, 31, 45, 37, 12, 3, 11, 37, 111
 44, 28, 19, 16, 20, 30, 44, 36, 10, 1, 10, 36, 8
 43, 28, 18, 14, 19, 30, 43, 35, 10, 1, 10, 35, 46
 68, 49, 36, 29, 35, 48, 68, 56, 19, 6, 19, 56, 218
 70, 50, 36, 28, 35, 50, 70, 58, 20, 6, 19, 58, 141
 65, 42, 26, 18, 26, 43, 65, 54, 18, 3, 16, 54, 242
 67, 44, 28, 19, 27, 44, 67, 56, 19, 4, 18, 56, 5
 74, 55, 40, 32, 38, 54, 74, 62, 23, 10, 23, 62, 47
 75, 55, 39, 32, 39, 55, 75, 64, 22, 9, 22, 64, 239
 72, 53, 38, 31, 36, 51, 72, 61, 21, 10, 21, 61, 104
 58, 46, 39, 36, 40, 45, 58, 45, 18, 10, 17, 45, 242
 59, 45, 38, 35, 39, 44, 59, 47, 17, 9, 17, 47, 146
 52, 34, 26, 25, 29, 36, 52, 40, 15, 8, 13, 40, 22
 53, 35, 24, 17, 23, 35, 53, 41, 15, 2, 15, 41, 49
 52, 37, 28, 24, 28, 36, 52, 41, 13, 5, 16, 41, 167
 53, 36, 24, 17, 23, 35, 53, 42, 14, 1, 15, 42, 246
 54, 39, 34, 31, 36, 42, 54, 42, 19, 11, 16, 42, 231
 60, 43, 34, 30, 35, 44, 60, 48, 20, 12, 17, 48, 166
 61, 44, 34, 30, 35, 45, 61, 48, 20, 12, 17, 48, 220
 61, 42, 34, 30, 35, 44, 61, 48, 19, 10, 18, 48, 144
 61, 41, 33, 30, 35, 43, 61, 48, 17, 8, 16, 48, 180
 60, 38, 28, 23, 30, 39, 60, 46, 14, 2, 15, 46, 21
 60, 37, 23, 18, 23, 36, 60, 48, 10, 2, 15, 48, 46
 59, 36, 22, 16, 22, 35, 59, 47, 12, 2, 14, 47, 28
 79, 52, 33, 25, 34, 53, 79, 67, 21, 8, 21, 67, 190
 80, 53, 33, 26, 34, 54, 80, 67, 21, 8, 21, 67, 36
 80, 53, 34, 27, 36, 55, 80, 67, 23, 9, 22, 67, 20
 80, 52, 33, 25, 33, 53, 80, 67, 21, 8, 21, 67, 147
 79, 51, 30, 22, 30, 52, 79, 66, 21, 4, 20, 66, 5
 79, 51, 30, 21, 30, 51, 79, 66, 22, 3, 20, 66, 46
 77, 49, 29, 20, 29, 49, 77, 65, 20, 3, 19, 65, 192
 59, 42, 34, 31, 35, 42, 59, 48, 19, 12, 19, 48, 11
 52, 34, 22, 17, 23, 35, 52, 42, 12, 1, 14, 42, 136
 58, 42, 35, 31, 35, 43, 58, 49, 20, 13, 20, 49, 177
 52, 36, 22, 14, 21, 34, 52, 42, 15, 2, 16, 42, 255
 54, 36, 23, 16, 25, 38, 54, 44, 15, 1, 17, 44, 229
 53, 35, 23, 16, 22, 35, 53, 43, 14, 1, 15, 43, 252
 58, 38, 24, 18, 26, 41, 58, 49, 18, 4, 17, 49, 174
 31, 21, 12, 11, 13, 21, 31, 26, 8, 2, 7, 26, 8
 31, 20, 12, 9, 13, 20, 31, 26, 8, 2, 7, 26, 75
 31, 20, 12, 9, 13, 20, 31, 27, 8, 1, 7, 27, 216
 32, 20, 14, 11, 13, 20, 32, 27, 9, 3, 8, 27, 7
 31, 21, 15, 12, 14, 21, 31, 25, 8, 3, 8, 25, 236
 31, 21, 15, 13, 15, 21, 31, 25, 10, 5, 8, 25, 254
 31, 21, 16, 13, 15, 22, 31, 26, 9, 4, 9, 26, 98
 64, 46, 32, 25, 32, 46, 64, 51, 20, 6, 19, 51, 228
 63, 44, 31, 24, 31, 45, 63, 51, 19, 7, 18, 51, 79
 59, 41, 27, 21, 27, 41, 59, 49, 18, 2, 16, 49, 16
 61, 41, 28, 21, 27, 41, 61, 50, 16, 2, 16, 50, 99
 61, 43, 30, 23, 30, 43, 61, 51, 18, 4, 18, 51, 107
 62, 44, 30, 24, 31, 43, 62, 51, 18, 5, 18, 51, 76
 63, 47, 33, 26, 32, 45, 63, 53, 20, 7, 19, 53, 24
 48, 33, 29, 27, 31, 36, 48, 38, 14, 7, 13, 38, 109
 48, 34, 28, 26, 30, 35, 48, 38, 12, 5, 11, 38, 5
 49, 38, 36, 34, 36, 39, 49, 38, 16, 11, 15, 38, 70
 53, 43, 41, 38, 41, 45, 53, 43, 18, 12, 17, 43, 0
 56, 46, 44, 41, 44, 46, 56, 43, 19, 13, 17, 43, 164
 59, 49, 47, 43, 46, 50, 59, 47, 22, 17, 21, 47, 4
 60, 49, 45, 41, 44, 50, 60, 47, 23, 16, 22, 47, 87
 86, 56, 35, 23, 34, 54, 86, 72, 21, 1, 23, 72, 117
 87, 57, 35, 23, 34, 55, 87, 72, 21, 2, 24, 72, 10
 87, 57, 35, 22, 33, 55, 87, 74, 20, 2, 23, 74, 67
 87, 57, 36, 24, 34, 55, 87, 73, 20, 1, 24, 73, 223
 87, 56, 35, 25, 35, 56, 87, 73, 21, 1, 23, 73, 57
 84, 57, 38, 28, 38, 57, 84, 70, 21, 1, 23, 70, 76
 83, 57, 41, 33, 42, 59, 83, 67, 22, 4, 23, 67, 172
 86, 65, 52, 43, 53, 65, 86, 68, 29, 5, 24, 68, 102
 86, 65, 52, 43, 53, 65, 86, 68, 29, 5, 24, 68, 25
 87, 67, 54, 45, 55, 66, 87, 68, 28, 5, 24, 68, 31
 88, 68, 54, 45, 53, 66, 88, 70, 28, 8, 24, 70, 77
 89, 67, 53, 44, 53, 67, 89, 71, 28, 7, 24, 71, 236
 86, 66, 52, 43, 53, 65, 86, 68, 28, 6, 23, 68, 246
 90, 68, 52, 42, 52, 67, 90, 72, 28, 5, 25, 72, 67
 54, 39, 29, 25, 30, 41, 54, 43, 14, 4, 15, 43, 119
 55, 40, 31, 27, 33, 42, 55, 44, 15, 6, 16, 44, 16
 57, 40, 32, 28, 35, 44, 57, 46, 18, 9, 17, 46, 16
 58, 40, 32, 27, 33, 43, 58, 47, 17, 9, 16, 47, 207
 58, 40, 30, 27, 32, 42, 58, 47, 15, 6, 16, 47, 107
 58, 40, 29, 25, 30, 41, 58, 48, 17, 6, 16, 48, 70
 56, 40, 31, 26, 31, 43, 56, 47, 17, 8, 16, 47, 84
 45, 30, 19, 12, 15, 27, 45, 37, 10, 2, 12, 37, 228
 45, 29, 17, 10, 13, 25, 45, 37, 9, 2, 12, 37, 94
 44, 29, 17, 10, 13, 25, 44, 37, 8, 2, 12, 37, 213
 43, 28, 17, 11, 14, 25, 43, 35, 9, 2, 12, 35, 133
 41, 28, 20, 15, 19, 26, 41, 32, 12, 6, 12, 32, 246
 42, 29, 21, 16, 21, 28, 42, 32, 12, 6, 12, 32, 221
 43, 30, 22, 18, 21, 28, 43, 34, 12, 5, 12, 34, 197
 74, 50, 30, 20, 32, 52, 74, 64, 24, 6, 22, 64, 11
 75, 51, 29, 19, 31, 51, 75, 64, 24, 2, 21, 64, 192
 74, 47, 26, 16, 28, 49, 74, 62, 23, 1, 21, 62, 196
 75, 49, 28, 16, 29, 50, 75, 63, 24, 1, 22, 63, 34
 75, 48, 26, 14, 29, 49, 75, 63, 23, 1, 21, 63, 146
 77, 49, 28, 15, 30, 50, 77, 66, 24, 1, 22, 66, 207
 76, 49, 29, 16, 28, 49, 76, 64, 23, 2, 21, 64, 150
 33, 22, 14, 9, 13, 21, 33, 28, 9, 2, 10, 28, 46
 34, 23, 13, 8, 12, 22, 34, 29, 9, 1, 10, 29, 45
 34, 23, 14, 8, 12, 22, 34, 29, 10, 2, 10, 29, 179
 33, 22, 14, 8, 12, 21, 33, 28, 9, 2, 10, 28, 241
 34, 23, 14, 8, 12, 21, 34, 29, 9, 2, 11, 29, 245
 34, 23, 15, 9, 14, 22, 34, 29, 10, 3, 10, 29, 6
 34, 24, 16, 12, 16, 22, 34, 28, 10, 5, 11, 28, 38
 62, 43, 30, 25, 32, 45, 62, 51, 18, 9, 18, 51, 132
 63, 44, 32, 26, 33, 45, 63, 51, 18, 9, 18, 51, 210
 63, 43, 30, 23, 30, 44, 63, 51, 17, 5, 16, 51, 172
 63, 43, 28, 21, 27, 43, 63, 51, 17, 4, 16, 51, 221
 61, 38, 20, 12, 20, 38, 61, 50, 16, 1, 15, 50, 140
 72, 55, 41, 33, 40, 54, 72, 62, 25, 18, 27, 62, 203
 72, 47, 30, 23, 31, 48, 72, 62, 21, 9, 20, 62, 226
 79, 54, 35, 28, 35, 54, 79, 65, 22, 10, 22, 65, 189
 77, 55, 42, 36, 43, 57, 77, 63, 26, 18, 25, 63, 8
 76, 57, 43, 38, 44, 59, 76, 62, 26, 17, 25, 62, 99
 75, 56, 44, 39, 44, 58, 75, 63, 27, 17, 26, 63, 28
 77, 56, 42, 36, 43, 57, 77, 63, 25, 16, 25, 63, 1
 78, 56, 42, 35, 41, 56, 78, 65, 25, 16, 26, 65, 45
 78, 56, 40, 33, 39, 55, 78, 64, 24, 14, 25, 64, 237
 89, 66, 50, 43, 49, 65, 89, 71, 27, 18, 29, 71, 90
 90, 66, 49, 42, 49, 65, 90, 72, 27, 17, 27, 72, 248
 90, 65, 49, 41, 48, 64, 90, 72, 26, 13, 26, 72, 231
 90, 65, 48, 41, 48, 64, 90, 72, 27, 14, 27, 72, 252
 90, 65, 48, 41, 48, 64, 90, 72, 26, 13, 26, 72, 130
 90, 65, 47, 39, 46, 64, 90, 72, 26, 11, 26, 72, 39
 92, 64, 47, 39, 47, 64, 92, 74, 26, 12, 25, 74, 184
 35, 27, 23, 20, 23, 27, 35, 28, 10, 6, 10, 28, 153
 34, 26, 23, 20, 22, 27, 34, 27, 10, 6, 10, 27, 252
 38, 27, 21, 19, 21, 27, 38, 30, 10, 5, 10, 30, 20
 38, 27, 21, 18, 20, 27, 38, 32, 11, 5, 11, 32, 8
 38, 27, 21, 18, 21, 26, 38, 31, 11, 6, 9, 31, 90
 41, 30, 23, 21, 23, 29, 41, 33, 12, 8, 13, 33, 150
 38, 26, 18, 15, 18, 25, 38, 31, 11, 4, 10, 31, 8
 40, 26, 16, 13, 17, 26, 40, 34, 11, 3, 10, 34, 101
 38, 26, 18, 15, 18, 26, 38, 31, 12, 5, 11, 31, 232
 38, 26, 18, 14, 18, 27, 38, 32, 11, 3, 10, 32, 246
 40, 31, 26, 23, 24, 30, 40, 33, 12, 8, 12, 33, 167
 39, 28, 21, 18, 21, 26, 39, 31, 11, 5, 10, 31, 101
 39, 25, 15, 11, 16, 25, 39, 33, 11, 1, 10, 33, 202
 37, 25, 16, 12, 16, 25, 37, 31, 11, 4, 11, 31, 150
 90, 63, 47, 37, 46, 62, 90, 73, 24, 7, 27, 73, 199
 80, 59, 47, 39, 47, 60, 80, 65, 22, 8, 25, 65, 131
 86, 61, 43, 34, 42, 60, 86, 70, 20, 5, 25, 70, 178
 92, 64, 45, 34, 43, 63, 92, 75, 23, 3, 26, 75, 149
 94, 64, 44, 33, 42, 62, 94, 77, 24, 5, 26, 77, 201
 94, 64, 46, 33, 42, 62, 94, 79, 24, 5, 26, 79, 138
 95, 67, 46, 37, 44, 65, 95, 79, 25, 8, 26, 79, 144
 29, 20, 12, 10, 12, 20, 29, 24, 8, 5, 9, 24, 246
 29, 20, 12, 10, 12, 20, 29, 25, 8, 4, 9, 25, 252
 29, 19, 12, 10, 12, 20, 29, 25, 8, 4, 8, 25, 222
 29, 20, 13, 10, 12, 19, 29, 24, 8, 5, 9, 24, 209
 28, 19, 12, 9, 11, 18, 28, 24, 8, 4, 8, 24, 249
 30, 20, 12, 9, 12, 19, 30, 25, 9, 4, 9, 25, 239
 29, 19, 12, 9, 11, 18, 29, 25, 8, 4, 8, 25, 82
 62, 42, 34, 29, 33, 42, 62, 50, 19, 10, 18, 50, 33
 61, 44, 35, 30, 34, 43, 61, 49, 18, 11, 19, 49, 159
 59, 45, 35, 29, 33, 42, 59, 47, 17, 8, 17, 47, 135
 58, 43, 35, 29, 33, 41, 58, 46, 17, 7, 15, 46, 200
 57, 41, 33, 28, 31, 39, 57, 45, 15, 5, 14, 45, 33
 58, 40, 30, 26, 30, 39, 58, 45, 15, 3, 13, 45, 199
 59, 39, 29, 24, 28, 39, 59, 47, 14, 2, 14, 47, 117
 31, 19, 10, 7, 10, 20, 31, 25, 9, 1, 8, 25, 197
 30, 19, 11, 7, 12, 20, 30, 26, 9, 1, 8, 26, 37
 31, 19, 11, 7, 11, 20, 31, 26, 8, 0, 8, 26, 171
 29, 18, 10, 6, 10, 19, 29, 25, 8, 1, 7, 25, 108
 30, 19, 10, 7, 10, 19, 30, 26, 8, 1, 8, 26, 166
 31, 19, 10, 7, 10, 19, 31, 26, 9, 1, 8, 26, 94
 31, 18, 12, 6, 11, 19, 31, 26, 8, 1, 8, 26, 248
 13, 8, 6, 5, 5, 8, 13, 10, 3, 0, 4, 10, 162
 13, 8, 6, 5, 5, 8, 13, 10, 3, 0, 4, 10, 161
 12, 7, 5, 5, 5, 8, 12, 9, 2, 0, 3, 9, 1
 11, 7, 5, 4, 5, 8, 11, 9, 2, 1, 3, 9, 6
 12, 7, 5, 5, 5, 8, 12, 9, 2, 0, 3, 9, 143
 12, 7, 5, 5, 5, 8, 12, 9, 2, 0, 3, 9, 58
 12, 7, 5, 5, 5, 8, 12, 10, 2, 0, 3, 10, 85
 21, 20, 18, 15, 16, 17, 21, 18, 6, 4, 7, 18, 91
 21, 19, 18, 16, 16, 17, 21, 18, 7, 4, 8, 18, 183
 25, 20, 18, 15, 16, 17, 25, 20, 7, 5, 8, 20, 233
 27, 22, 18, 15, 16, 18, 27, 22, 7, 5, 8, 22, 204
 23, 21, 21, 17, 19, 18, 23, 19, 7, 7, 10, 19, 105
 23, 21, 20, 17, 18, 17, 23, 20, 9, 7, 9, 20, 47
 25, 22, 20, 17, 17, 18, 25, 21, 7, 5, 8, 21, 165
 104, 73, 57, 50, 59, 76, 104, 84, 32, 19, 32, 84, 82
 108, 77, 59, 50, 59, 78, 108, 90, 36, 22, 35, 90, 248
 114, 82, 59, 49, 58, 81, 114, 96, 38, 22, 38, 96, 120
 117, 82, 55, 43, 54, 78, 117, 100, 36, 19, 37, 100, 143
 118, 81, 54, 42, 54, 78, 118, 101, 35, 15, 37, 101, 246
 122, 81, 53, 41, 53, 80, 122, 104, 34, 14, 37, 104, 73
 123, 82, 53, 40, 52, 81, 123, 105, 34, 14, 36, 105, 137
 33, 21, 16, 14, 17, 22, 33, 27, 9, 5, 9, 27, 29
 32, 22, 15, 13, 15, 21, 32, 28, 8, 4, 8, 28, 9
 38, 27, 21, 20, 22, 26, 38, 30, 10, 7, 10, 30, 32
 31, 20, 11, 8, 11, 19, 31, 26, 7, 1, 9, 26, 57
 31, 20, 12, 9, 13, 19, 31, 25, 8, 2, 9, 25, 180
 33, 22, 16, 13, 15, 22, 33, 27, 9, 4, 9, 27, 253
 37, 25, 18, 16, 18, 25, 37, 30, 9, 6, 11, 30, 216
 43, 28, 20, 17, 21, 28, 43, 34, 11, 5, 11, 34, 164
 42, 29, 23, 20, 24, 30, 42, 34, 13, 7, 13, 34, 250
 43, 31, 26, 24, 27, 32, 43, 35, 16, 11, 15, 35, 198
 42, 31, 27, 25, 27, 32, 42, 34, 15, 10, 14, 34, 38
 43, 32, 26, 25, 29, 33, 43, 35, 16, 11, 15, 35, 49
 44, 33, 29, 26, 30, 33, 44, 35, 16, 11, 16, 35, 139
 41, 32, 28, 26, 29, 33, 41, 34, 16, 13, 16, 34, 108
 70, 44, 23, 8, 19, 41, 70, 61, 17, 1, 19, 61, 49
 70, 44, 23, 8, 19, 41, 70, 62, 17, 2, 19, 62, 16
 71, 45, 23, 8, 19, 41, 71, 62, 18, 1, 20, 62, 1
 73, 45, 23, 8, 19, 42, 73, 63, 18, 2, 21, 63, 215
 72, 45, 23, 7, 19, 42, 72, 63, 18, 2, 20, 63, 238
 71, 44, 23, 8, 19, 41, 71, 62, 17, 2, 20, 62, 172
 70, 43, 23, 8, 18, 41, 70, 61, 17, 1, 19, 61, 236
 28, 18, 13, 11, 13, 19, 28, 22, 7, 0, 7, 22, 87
 28, 18, 13, 11, 13, 19, 28, 22, 7, 0, 7, 22, 247
 29, 18, 13, 12, 15, 21, 29, 23, 7, 1, 7, 23, 195
 31, 19, 13, 10, 15, 22, 31, 24, 8, 0, 7, 24, 83
 30, 18, 13, 12, 14, 21, 30, 24, 7, 0, 7, 24, 135
 29, 20, 14, 12, 14, 20, 29, 22, 7, 1, 7, 22, 83
 28, 19, 14, 12, 16, 20, 28, 22, 6, 1, 6, 22, 2
 27, 17, 10, 7, 11, 18, 27, 23, 7, 1, 7, 23, 154
 27, 17, 10, 7, 10, 18, 27, 23, 7, 1, 7, 23, 244
 27, 17, 10, 6, 10, 17, 27, 23, 7, 1, 7, 23, 142
 27, 17, 9, 6, 10, 17, 27, 23, 7, 1, 7, 23, 86
 27, 17, 10, 6, 10, 17, 27, 23, 7, 1, 7, 23, 57
 28, 18, 10, 7, 10, 19, 28, 24, 8, 2, 7, 24, 248
 28, 17, 10, 7, 10, 18, 28, 23, 7, 1, 6, 23, 39
 50, 35, 26, 20, 27, 36, 50, 40, 15, 6, 15, 40, 182
 50, 35, 26, 20, 27, 36, 50, 40, 15, 6, 15, 40, 59
 49, 35, 26, 20, 27, 36, 49, 40, 16, 6, 15, 40, 118
 48, 36, 26, 20, 26, 35, 48, 38, 15, 4, 15, 38, 215
 47, 34, 25, 20, 25, 35, 47, 38, 15, 5, 15, 38, 86
 48, 35, 26, 20, 27, 36, 48, 39, 15, 5, 14, 39, 112
 48, 35, 26, 20, 26, 36, 48, 39, 16, 5, 14, 39, 43
 61, 47, 37, 31, 36, 45, 61, 50, 20, 11, 19, 50, 199
 61, 46, 36, 31, 36, 46, 61, 51, 19, 11, 21, 51, 249
 60, 47, 36, 32, 37, 45, 60, 50, 19, 11, 19, 50, 142
 59, 46, 36, 31, 36, 44, 59, 49, 19, 11, 20, 49, 9
 60, 47, 37, 31, 37, 45, 60, 49, 18, 11, 19, 49, 53
 59, 46, 37, 31, 35, 45, 59, 49, 19, 11, 20, 49, 56
 58, 47, 37, 32, 36, 45, 58, 48, 19, 11, 21, 48, 37
 42, 30, 25, 22, 25, 28, 42, 33, 12, 9, 13, 33, 254
 44, 30, 25, 21, 24, 29, 44, 35, 12, 10, 14, 35, 92
 42, 29, 25, 22, 25, 29, 42, 33, 12, 10, 15, 33, 153
 43, 32, 26, 23, 26, 30, 43, 34, 14, 11, 15, 34, 99
 41, 31, 26, 23, 26, 30, 41, 33, 14, 11, 15, 33, 36
 40, 31, 27, 23, 26, 29, 40, 31, 12, 12, 16, 31, 157
 40, 31, 29, 25, 27, 30, 40, 30, 13, 13, 17, 30, 79
 78, 49, 30, 21, 29, 46, 78, 63, 18, 3, 19, 63, 6
 77, 49, 30, 20, 28, 47, 77, 62, 18, 3, 20, 62, 92
 76, 47, 29, 18, 27, 44, 76, 61, 18, 5, 19, 61, 191
 76, 49, 32, 23, 31, 46, 76, 59, 17, 1, 19, 59, 229
 77, 51, 34, 26, 34, 49, 77, 62, 18, 1, 20, 62, 10
 75, 49, 33, 26, 33, 48, 75, 60, 18, 0, 18, 60, 253
 79, 51, 31, 19, 28, 48, 79, 63, 19, 4, 21, 63, 3
 40, 29, 25, 21, 24, 29, 40, 33, 12, 8, 12, 33, 159
 41, 31, 25, 22, 25, 30, 41, 34, 13, 9, 14, 34, 233
 41, 28, 23, 20, 23, 28, 41, 33, 11, 6, 11, 33, 19
 41, 26, 21, 17, 20, 27, 41, 34, 10, 3, 10, 34, 186
 43, 25, 16, 12, 17, 26, 43, 35, 9, 1, 9, 35, 118
 43, 24, 15, 11, 16, 24, 43, 35, 9, 0, 9, 35, 231
 42, 25, 15, 11, 16, 25, 42, 34, 10, 0, 10, 34, 42
 59, 48, 40, 34, 38, 47, 59, 50, 21, 12, 20, 50, 71
 59, 48, 39, 34, 38, 47, 59, 49, 21, 12, 20, 49, 179
 60, 47, 39, 34, 38, 47, 60, 49, 21, 12, 20, 49, 194
 58, 47, 39, 33, 38, 47, 58, 48, 20, 12, 20, 48, 23
 57, 46, 39, 32, 37, 46, 57, 47, 20, 12, 19, 47, 29
 58, 47, 38, 32, 36, 46, 58, 49, 20, 13, 21, 49, 8
 55, 45, 36, 31, 34, 43, 55, 46, 19, 12, 19, 46, 94
 64, 40, 29, 23, 28, 39, 64, 51, 14, 1, 15, 51, 189
 63, 41, 29, 25, 30, 40, 63, 50, 14, 4, 14, 50, 159
 63, 42, 32, 26, 33, 42, 63, 50, 17, 8, 17, 50, 78
 63, 42, 34, 30, 34, 43, 63, 50, 17, 10, 17, 50, 12
 61, 41, 35, 31, 34, 43, 61, 48, 17, 11, 17, 48, 25
 62, 43, 36, 32, 36, 42, 62, 49, 17, 10, 17, 49, 153
 61, 43, 36, 32, 37, 44, 61, 49, 18, 11, 18, 49, 225
 57, 40, 32, 27, 31, 40, 57, 46, 15, 7, 16, 46, 193
 58, 41, 34, 30, 33, 42, 58, 47, 14, 5, 14, 47, 47
 58, 43, 34, 29, 34, 42, 58, 47, 15, 4, 14, 47, 29
 55, 36, 24, 19, 24, 36, 55, 46, 13, 4, 13, 46, 204
 58, 41, 32, 27, 33, 41, 58, 46, 15, 3, 14, 46, 56
 57, 41, 33, 29, 34, 42, 57, 45, 15, 5, 14, 45, 14
 56, 42, 34, 32, 35, 43, 56, 44, 15, 8, 15, 44, 43
 68, 54, 43, 37, 44, 54, 68, 56, 22, 12, 21, 56, 193
 69, 53, 43, 37, 44, 54, 69, 57, 23, 12, 21, 57, 59
 69, 54, 42, 37, 42, 54, 69, 57, 23, 10, 20, 57, 138
 67, 51, 39, 34, 41, 52, 67, 56, 22, 10, 21, 56, 194
 68, 52, 39, 33, 39, 52, 68, 57, 20, 8, 20, 57, 226
 69, 50, 37, 29, 37, 51, 69, 58, 20, 3, 18, 58, 15
 67, 48, 35, 29, 35, 50, 67, 55, 20, 3, 18, 55, 155
 31, 18, 10, 7, 13, 22, 31, 25, 9, 2, 7, 25, 68
 31, 19, 9, 6, 13, 22, 31, 26, 9, 1, 7, 26, 51
 31, 19, 10, 7, 12, 22, 31, 27, 8, 1, 6, 27, 64
 31, 18, 9, 6, 12, 22, 31, 27, 8, 1, 7, 27, 70
 32, 18, 9, 6, 13, 22, 32, 27, 9, 1, 7, 27, 102
 32, 20, 10, 8, 13, 22, 32, 27, 9, 2, 7, 27, 185
 32, 20, 11, 8, 13, 22, 32, 27, 9, 1, 7, 27, 97
 40, 31, 26, 23, 25, 29, 40, 32, 12, 10, 14, 32, 226
 44, 34, 30, 26, 28, 33, 44, 35, 15, 12, 16, 35, 7
 43, 35, 31, 28, 29, 33, 43, 35, 17, 15, 18, 35, 160
 43, 34, 31, 28, 31, 34, 43, 35, 16, 14, 17, 35, 167
 44, 37, 33, 30, 33, 35, 44, 36, 18, 16, 19, 36, 34
 44, 35, 31, 28, 30, 34, 44, 36, 17, 14, 18, 36, 32
 45, 37, 32, 29, 32, 35, 45, 38, 17, 14, 19, 38, 95
 48, 34, 24, 20, 24, 33, 48, 40, 14, 1, 14, 40, 135
 50, 34, 25, 21, 24, 34, 50, 40, 14, 1, 14, 40, 7
 49, 34, 24, 20, 25, 34, 49, 39, 15, 1, 14, 39, 66
 48, 33, 25, 19, 25, 34, 48, 39, 14, 2, 13, 39, 239
 48, 34, 25, 20, 25, 34, 48, 39, 14, 1, 14, 39, 232
 49, 34, 25, 19, 24, 34, 49, 40, 14, 1, 14, 40, 222
 50, 34, 25, 20, 24, 34, 50, 40, 14, 2, 14, 40, 62
 89, 61, 46, 39, 49, 65, 89, 74, 25, 10, 25, 74, 62
 90, 62, 45, 36, 48, 64, 90, 75, 26, 8, 27, 75, 108
 88, 60, 45, 36, 47, 64, 88, 73, 24, 7, 26, 73, 237
 88, 61, 45, 38, 46, 63, 88, 72, 24, 8, 25, 72, 81
 87, 61, 45, 37, 45, 63, 87, 72, 23, 7, 26, 72, 223
 88, 61, 44, 37, 46, 62, 88, 71, 24, 8, 25, 71, 212
 88, 62, 47, 38, 48, 63, 88, 71, 24, 8, 26, 71, 40
 23, 14, 14, 15, 17, 20, 23, 19, 8, 5, 5, 19, 17
 25, 17, 19, 18, 21, 25, 25, 20, 10, 8, 6, 20, 24
 25, 15, 14, 14, 18, 23, 25, 21, 10, 7, 5, 21, 147
 26, 17, 15, 16, 20, 23, 26, 22, 10, 6, 5, 22, 213
 26, 17, 17, 18, 21, 24, 26, 20, 9, 6, 7, 20, 68
 24, 17, 17, 17, 20, 22, 24, 18, 7, 4, 5, 18, 241
 24, 17, 16, 16, 20, 24, 24, 19, 8, 4, 5, 19, 243
 24, 21, 18, 15, 17, 18, 24, 20, 6, 3, 7, 20, 203
 25, 22, 17, 15, 15, 17, 25, 21, 6, 5, 9, 21, 3
 25, 20, 17, 14, 14, 17, 25, 21, 6, 4, 7, 21, 86
 23, 20, 16, 13, 13, 16, 23, 20, 6, 3, 6, 20, 69
 25, 21, 17, 14, 14, 17, 25, 21, 6, 2, 6, 21, 205
 23, 21, 17, 15, 15, 16, 23, 19, 6, 3, 8, 19, 85
 24, 21, 17, 14, 14, 16, 24, 20, 6, 3, 8, 20, 58
 74, 58, 49, 42, 48, 56, 74, 59, 24, 13, 24, 59, 8
 76, 59, 49, 41, 47, 57, 76, 61, 24, 12, 23, 61, 226
 75, 60, 50, 42, 48, 58, 75, 61, 24, 13, 25, 61, 111
 75, 58, 48, 42, 48, 57, 75, 59, 24, 11, 24, 59, 175
 76, 60, 51, 43, 48, 56, 76, 60, 23, 12, 23, 60, 210
 77, 59, 47, 40, 45, 57, 77, 61, 23, 9, 22, 61, 208
 77, 53, 37, 29, 36, 52, 77, 63, 20, 1, 19, 63, 153
 60, 49, 45, 42, 44, 48, 60, 46, 18, 10, 18, 46, 65
 62, 49, 45, 41, 45, 48, 62, 46, 18, 11, 17, 46, 218
 61, 50, 45, 42, 44, 47, 61, 45, 17, 10, 18, 45, 146
 63, 50, 46, 43, 45, 49, 63, 48, 18, 11, 19, 48, 95
 61, 50, 45, 40, 44, 48, 61, 47, 17, 10, 18, 47, 45
 62, 49, 46, 41, 44, 48, 62, 47, 17, 11, 18, 47, 114
 61, 50, 45, 42, 45, 49, 61, 46, 18, 11, 17, 46, 80
 46, 32, 25, 22, 25, 33, 46, 37, 15, 9, 13, 37, 77
 46, 32, 24, 21, 24, 34, 46, 38, 14, 8, 13, 38, 97
 46, 32, 24, 20, 24, 33, 46, 38, 14, 7, 13, 38, 108
 44, 34, 29, 27, 29, 35, 44, 36, 14, 8, 13, 36, 177
 46, 34, 28, 26, 29, 35, 46, 36, 14, 7, 13, 36, 95
 45, 34, 30, 26, 30, 35, 45, 35, 14, 7, 14, 35, 17
 47, 36, 31, 27, 32, 37, 47, 38, 16, 9, 15, 38, 153
 51, 42, 36, 31, 35, 42, 51, 42, 20, 16, 21, 42, 62
 51, 42, 36, 31, 35, 42, 51, 42, 20, 16, 21, 42, 74
 50, 43, 37, 31, 35, 41, 50, 42, 19, 15, 22, 42, 81
 50, 43, 36, 31, 34, 40, 50, 42, 18, 13, 20, 42, 13
 55, 41, 35, 31, 36, 43, 55, 45, 20, 14, 19, 45, 76
 55, 41, 34, 30, 36, 42, 55, 45, 19, 14, 20, 45, 41
 55, 41, 37, 33, 38, 43, 55, 43, 21, 14, 19, 43, 205
 54, 42, 37, 33, 39, 44, 54, 44, 22, 15, 19, 44, 227
 54, 41, 35, 32, 37, 44, 54, 44, 21, 15, 19, 44, 148
 53, 41, 36, 33, 38, 44, 53, 42, 20, 14, 19, 42, 189
 54, 39, 33, 29, 33, 40, 54, 44, 18, 12, 18, 44, 248
 52, 36, 23, 18, 26, 37, 52, 42, 15, 1, 13, 42, 42
 52, 36, 23, 18, 26, 37, 52, 42, 15, 1, 13, 42, 6
 52, 36, 23, 18, 26, 37, 52, 42, 15, 1, 13, 42, 32
 53, 36, 26, 20, 26, 38, 53, 43, 15, 3, 13, 43, 233
 52, 38, 28, 22, 29, 38, 52, 43, 16, 3, 13, 43, 38
 54, 39, 29, 23, 29, 40, 54, 44, 17, 4, 15, 44, 27
 51, 37, 29, 24, 29, 38, 51, 42, 14, 5, 14, 42, 249
 73, 50, 36, 31, 36, 50, 73, 59, 17, 3, 18, 59, 1
 71, 46, 31, 24, 30, 45, 71, 59, 17, 1, 17, 59, 131
 71, 45, 31, 25, 30, 45, 71, 58, 16, 0, 16, 58, 79
 72, 48, 34, 28, 34, 49, 72, 58, 18, 3, 17, 58, 181
 70, 48, 38, 33, 38, 50, 70, 56, 17, 6, 18, 56, 35
 70, 47, 34, 29, 34, 48, 70, 57, 18, 5, 16, 57, 51
 70, 43, 30, 24, 30, 46, 70, 58, 17, 2, 16, 58, 60
 53, 43, 42, 40, 43, 45, 53, 41, 19, 15, 19, 41, 214
 53, 44, 42, 39, 43, 45, 53, 41, 20, 15, 18, 41, 75
 57, 47, 44, 41, 44, 47, 57, 46, 22, 17, 22, 46, 6
 57, 46, 40, 37, 41, 47, 57, 46, 21, 15, 19, 46, 36
 58, 41, 32, 28, 32, 42, 58, 46, 16, 8, 15, 46, 13
 58, 39, 29, 25, 30, 39, 58, 47, 16, 8, 16, 47, 146
 60, 42, 32, 27, 31, 42, 60, 47, 16, 7, 16, 47, 75
 35, 21, 9, 4, 8, 21, 35, 31, 9, 1, 9, 31, 117
 35, 21, 8, 4, 9, 21, 35, 31, 9, 1, 9, 31, 4
 36, 21, 10, 4, 9, 22, 36, 31, 9, 1, 9, 31, 17
 35, 21, 8, 4, 9, 21, 35, 31, 9, 1, 9, 31, 21
 36, 21, 10, 4, 10, 22, 36, 32, 9, 1, 9, 32, 245
 36, 22, 9, 4, 9, 22, 36, 32, 9, 0, 9, 32, 234
 36, 21, 9, 4, 9, 21, 36, 32, 9, 0, 9, 32, 197
 91, 61, 44, 38, 46, 63, 91, 74, 26, 11, 25, 74, 245
 92, 62, 45, 37, 46, 64, 92, 76, 26, 12, 26, 76, 104
 93, 63, 44, 37, 45, 63, 93, 77, 26, 12, 27, 77, 163
 93, 63, 45, 37, 45, 62, 93, 77, 26, 11, 26, 77, 201
 95, 63, 45, 37, 45, 64, 95, 78, 27, 12, 27, 78, 14
 94, 64, 45, 37, 45, 63, 94, 77, 28, 13, 27, 77, 197
 91, 63, 47, 40, 47, 63, 91, 73, 28, 16, 28, 73, 73
 68, 47, 28, 21, 27, 45, 68, 57, 16, 6, 17, 57, 25
 70, 50, 31, 24, 30, 47, 70, 60, 18, 7, 19, 60, 20
 66, 45, 27, 19, 25, 42, 66, 56, 16, 2, 16, 56, 60
 67, 46, 28, 20, 26, 43, 67, 56, 17, 3, 16, 56, 110
 66, 45, 27, 21, 26, 43, 66, 55, 15, 2, 16, 55, 16
 66, 45, 27, 19, 25, 42, 66, 55, 16, 1, 16, 55, 145
 66, 46, 29, 22, 26, 43, 66, 55, 16, 3, 16, 55, 13
 29, 21, 16, 13, 16, 21, 29, 24, 11, 7, 10, 24, 240
 28, 21, 17, 13, 16, 21, 28, 23, 10, 7, 10, 23, 29
 27, 22, 16, 13, 16, 22, 27, 23, 10, 7, 11, 23, 114
 29, 22, 17, 13, 16, 21, 29, 23, 10, 6, 11, 23, 13
 29, 21, 16, 13, 16, 21, 29, 24, 10, 6, 10, 24, 136
 29, 21, 15, 13, 15, 21, 29, 24, 10, 6, 10, 24, 36
 29, 22, 14, 12, 15, 20, 29, 23, 10, 5, 11, 23, 139
 40, 34, 33, 31, 34, 36, 40, 30, 15, 11, 14, 30, 108
 42, 36, 34, 32, 34, 37, 42, 32, 15, 10, 14, 32, 207
 42, 37, 34, 32, 34, 37, 42, 32, 15, 10, 14, 32, 219
 43, 37, 33, 32, 34, 37, 43, 33, 15, 9, 13, 33, 10
 43, 36, 33, 31, 34, 37, 43, 33, 15, 11, 14, 33, 105
 42, 36, 33, 29, 33, 36, 42, 32, 14, 9, 15, 32, 208
 44, 38, 33, 30, 34, 38, 44, 35, 15, 9, 15, 35, 41
 63, 46, 34, 27, 32, 45, 63, 52, 19, 2, 17, 52, 26
 64, 45, 32, 26, 32, 45, 64, 53, 18, 1, 18, 53, 73
 64, 47, 34, 27, 33, 46, 64, 54, 20, 2, 18, 54, 240
 66, 48, 34, 26, 32, 46, 66, 54, 19, 2, 18, 54, 241
 63, 45, 33, 25, 32, 44, 63, 52, 18, 2, 17, 52, 197
 63, 47, 34, 27, 32, 45, 63, 53, 19, 2, 18, 53, 58
 64, 46, 32, 25, 32, 45, 64, 52, 18, 1, 17, 52, 27
 62, 48, 36, 31, 37, 47, 62, 50, 19, 10, 19, 50, 80
 64, 54, 44, 38, 43, 52, 64, 52, 22, 14, 22, 52, 134
 66, 54, 43, 38, 43, 52, 66, 55, 21, 12, 22, 55, 222
 67, 52, 41, 35, 42, 52, 67, 55, 21, 11, 21, 55, 252
 68, 50, 37, 30, 36, 50, 68, 57, 20, 8, 20, 57, 29
 68, 51, 36, 30, 36, 49, 68, 56, 20, 7, 20, 56, 102
 65, 50, 39, 33, 38, 51, 65, 54, 21, 10, 19, 54, 56
 91, 65, 50, 44, 50, 66, 91, 74, 29, 19, 30, 74, 23
 91, 65, 51, 44, 50, 65, 91, 74, 29, 18, 29, 74, 30
 91, 64, 48, 42, 48, 65, 91, 75, 27, 15, 27, 75, 30
 92, 65, 50, 43, 51, 65, 92, 74, 28, 16, 28, 74, 241
 92, 67, 50, 42, 50, 67, 92, 76, 28, 16, 28, 76, 238
 95, 68, 52, 46, 53, 69, 95, 79, 32, 21, 32, 79, 48
 95, 68, 51, 44, 52, 69, 95, 79, 32, 21, 31, 79, 116
 55, 36, 22, 17, 21, 35, 55, 47, 10, 1, 14, 47, 126
 56, 36, 22, 16, 21, 35, 56, 48, 12, 1, 14, 48, 255
 57, 36, 22, 15, 21, 35, 57, 48, 11, 1, 14, 48, 92
 56, 37, 22, 15, 22, 35, 56, 47, 11, 1, 14, 47, 248
 57, 38, 23, 16, 21, 35, 57, 48, 11, 2, 15, 48, 139
 58, 37, 23, 16, 21, 35, 58, 48, 12, 1, 14, 48, 204
 57, 37, 22, 16, 21, 35, 57, 49, 11, 2, 15, 49, 210
 61, 42, 26, 18, 25, 42, 61, 50, 17, 1, 18, 50, 44
 59, 43, 29, 22, 29, 42, 59, 49, 16, 1, 18, 49, 149
 61, 44, 31, 24, 31, 44, 61, 51, 16, 3, 18, 51, 121
 61, 45, 35, 28, 34, 45, 61, 50, 18, 7, 18, 50, 70
 64, 45, 34, 28, 34, 44, 64, 53, 17, 6, 18, 53, 75
 60, 45, 31, 24, 30, 43, 60, 51, 16, 3, 17, 51, 243
 60, 43, 29, 23, 28, 42, 60, 51, 16, 0, 17, 51, 254
 73, 45, 23, 10, 21, 44, 73, 64, 19, 1, 20, 64, 20
 73, 45, 23, 9, 19, 42, 73, 64, 18, 1, 20, 64, 1
 73, 44, 23, 9, 19, 43, 73, 63, 17, 1, 19, 63, 23
 71, 44, 23, 9, 20, 42, 71, 61, 18, 2, 19, 61, 231
 71, 44, 23, 9, 20, 43, 71, 62, 18, 1, 19, 62, 225
 72, 45, 23, 9, 20, 42, 72, 61, 18, 1, 20, 61, 10
 72, 44, 23, 10, 20, 43, 72, 61, 18, 1, 20, 61, 208
 69, 44, 24, 13, 24, 43, 69, 58, 19, 1, 19, 58, 245
 69, 44, 24, 15, 26, 44, 69, 58, 20, 1, 18, 58, 62
 67, 43, 26, 17, 26, 43, 67, 57, 19, 3, 18, 57, 24
 66, 42, 25, 16, 24, 42, 66, 55, 17, 2, 16, 55, 9
 64, 41, 22, 13, 22, 41, 64, 54, 17, 1, 15, 54, 157
 63, 40, 23, 14, 23, 42, 63, 52, 18, 1, 16, 52, 216
 63, 41, 23, 14, 22, 41, 63, 54, 17, 1, 15, 54, 0
 42, 26, 20, 16, 20, 27, 42, 32, 10, 3, 10, 32, 74
 41, 26, 20, 16, 20, 28, 41, 32, 11, 3, 10, 32, 12
 43, 27, 20, 16, 20, 28, 43, 34, 12, 3, 11, 34, 247
 43, 27, 19, 15, 19, 28, 43, 35, 10, 2, 11, 35, 125
 45, 28, 19, 14, 19, 27, 45, 36, 10, 2, 12, 36, 87
 44, 27, 18, 14, 19, 26, 44, 35, 9, 3, 11, 35, 197
 44, 27, 18, 15, 18, 27, 44, 35, 10, 1, 10, 35, 227
 88, 54, 31, 21, 33, 56, 88, 75, 22, 0, 21, 75, 24
 89, 53, 30, 20, 32, 56, 89, 75, 22, 1, 22, 75, 47
 88, 54, 30, 20, 32, 56, 88, 75, 22, 1, 21, 75, 64
 90, 54, 31, 20, 32, 57, 90, 76, 22, 0, 23, 76, 130
 90, 55, 31, 20, 32, 57, 90, 77, 23, 0, 22, 77, 250
 89, 54, 31, 20, 32, 57, 89, 75, 23, 0, 22, 75, 45
 89, 54, 31, 21, 32, 57, 89, 77, 22, 0, 22, 77, 78
 44, 26, 16, 12, 18, 28, 44, 36, 11, 1, 11, 36, 254
 45, 27, 17, 13, 19, 28, 45, 36, 11, 1, 11, 36, 19
 46, 26, 18, 14, 20, 28, 46, 35, 11, 1, 10, 35, 24
 44, 27, 18, 13, 18, 28, 44, 35, 11, 1, 11, 35, 3
 45, 26, 18, 14, 20, 28, 45, 36, 10, 1, 11, 36, 29
 45, 27, 17, 13, 20, 29, 45, 35, 11, 1, 11, 35, 5
 45, 27, 18, 13, 20, 30, 45, 37, 11, 1, 11, 37, 0
 57, 37, 25, 19, 23, 36, 57, 47, 14, 3, 15, 47, 130
 60, 39, 24, 16, 22, 38, 60, 51, 15, 1, 16, 51, 170
 62, 40, 23, 16, 21, 37, 62, 52, 13, 2, 15, 52, 216
 60, 39, 26, 19, 25, 38, 60, 50, 15, 3, 15, 50, 208
 60, 42, 31, 26, 29, 41, 60, 49, 16, 10, 18, 49, 216
 57, 42, 31, 27, 30, 40, 57, 45, 17, 11, 18, 45, 205
 58, 39, 26, 19, 24, 38, 58, 48, 14, 3, 16, 48, 96
 31, 23, 16, 11, 13, 19, 31, 26, 8, 3, 9, 26, 77
 31, 22, 16, 11, 13, 20, 31, 26, 8, 4, 9, 26, 173
 31, 22, 15, 10, 12, 18, 31, 25, 8, 4, 9, 25, 184
 33, 23, 16, 11, 13, 21, 33, 27, 8, 3, 9, 27, 5
 33, 23, 15, 11, 13, 21, 33, 27, 8, 3, 9, 27, 101
 32, 23, 15, 10, 13, 20, 32, 26, 8, 3, 10, 26, 226
 32, 24, 15, 9, 12, 20, 32, 26, 8, 2, 10, 26, 195
 32, 21, 13, 11, 14, 22, 32, 28, 9, 4, 8, 28, 243
 32, 21, 13, 11, 13, 21, 32, 28, 9, 4, 8, 28, 60
 33, 21, 13, 10, 14, 21, 33, 27, 9, 4, 9, 27, 90
 32, 23, 15, 11, 14, 22, 32, 28, 10, 4, 10, 28, 61
 32, 23, 15, 11, 14, 23, 32, 28, 9, 4, 10, 28, 173
 31, 21, 14, 12, 14, 21, 31, 27, 8, 5, 10, 27, 2
 31, 21, 14, 12, 15, 22, 31, 26, 10, 6, 10, 26, 204
 54, 40, 30, 26, 32, 41, 54, 44, 17, 9, 17, 44, 57
 57, 41, 31, 26, 32, 43, 57, 47, 18, 9, 17, 47, 173
 58, 41, 31, 26, 33, 43, 58, 48, 17, 10, 17, 48, 96
 57, 41, 31, 26, 32, 43, 57, 47, 18, 10, 18, 47, 221
 57, 41, 31, 26, 31, 43, 57, 47, 18, 10, 19, 47, 81
 57, 41, 31, 26, 31, 42, 57, 47, 18, 10, 18, 47, 182
 57, 41, 30, 25, 31, 42, 57, 47, 18, 10, 18, 47, 160
 29, 20, 14, 11, 13, 20, 29, 24, 10, 5, 9, 24, 120
 30, 21, 14, 11, 13, 20, 30, 24, 10, 5, 10, 24, 176
 29, 20, 14, 10, 13, 20, 29, 24, 10, 5, 9, 24, 234
 29, 21, 14, 11, 13, 19, 29, 24, 10, 5, 9, 24, 134
 28, 20, 14, 10, 13, 20, 28, 23, 9, 4, 9, 23, 129
 29, 20, 14, 11, 13, 20, 29, 25, 9, 4, 8, 25, 67
 29, 20, 14, 10, 13, 20, 29, 23, 9, 4, 9, 23, 217
 45, 31, 24, 19, 25, 31, 45, 36, 14, 7, 13, 36, 239
 43, 30, 23, 19, 23, 30, 43, 34, 13, 7, 12, 34, 157
 46, 32, 24, 20, 25, 33, 46, 37, 14, 8, 13, 37, 47
 47, 32, 24, 21, 27, 34, 47, 37, 14, 9, 13, 37, 99
 48, 32, 24, 21, 27, 34, 48, 37, 15, 8, 14, 37, 57
 47, 32, 23, 20, 24, 32, 47, 36, 15, 9, 13, 36, 230
 46, 30, 24, 20, 24, 33, 46, 36, 14, 9, 13, 36, 82
 67, 42, 23, 13, 21, 42, 67, 57, 18, 0, 17, 57, 8
 67, 43, 23, 14, 23, 43, 67, 57, 18, 1, 18, 57, 15
 67, 42, 23, 14, 23, 42, 67, 56, 17, 0, 17, 56, 10
 64, 41, 22, 13, 22, 41, 64, 55, 18, 1, 17, 55, 37
 66, 44, 24, 14, 23, 43, 66, 57, 19, 1, 17, 57, 151
 66, 42, 23, 13, 23, 43, 66, 57, 17, 1, 17, 57, 199
 66, 44, 24, 14, 23, 42, 66, 56, 17, 0, 17, 56, 179
 71, 55, 43, 36, 43, 55, 71, 59, 23, 14, 24, 59, 123
 72, 56, 46, 39, 46, 57, 72, 60, 26, 17, 27, 60, 89
 72, 58, 48, 42, 48, 58, 72, 60, 29, 20, 26, 60, 46
 72, 55, 43, 36, 42, 54, 72, 60, 22, 11, 24, 60, 108
 72, 51, 37, 29, 36, 51, 72, 60, 21, 6, 21, 60, 159
 71, 52, 37, 29, 36, 51, 71, 59, 20, 3, 20, 59, 165
 73, 53, 39, 31, 39, 53, 73, 61, 21, 8, 22, 61, 94
 43, 34, 28, 25, 29, 33, 43, 34, 14, 8, 14, 34, 30
 42, 31, 26, 24, 26, 31, 42, 34, 14, 9, 13, 34, 17
 45, 31, 24, 18, 22, 30, 45, 37, 13, 5, 13, 37, 103
 45, 32, 23, 21, 25, 32, 45, 38, 14, 9, 13, 38, 247
 45, 34, 29, 26, 29, 35, 45, 37, 14, 10, 15, 37, 19
 45, 35, 30, 26, 29, 36, 45, 37, 15, 10, 16, 37, 68
 45, 34, 29, 25, 29, 35, 45, 36, 15, 9, 14, 36, 171
 55, 43, 38, 34, 38, 43, 55, 46, 18, 12, 18, 46, 176
 57, 45, 39, 35, 40, 45, 57, 46, 20, 13, 21, 46, 22
 55, 43, 38, 33, 38, 43, 55, 43, 19, 12, 19, 43, 186
 56, 44, 36, 33, 37, 44, 56, 46, 21, 13, 20, 46, 217
 55, 42, 35, 31, 37, 43, 55, 44, 19, 12, 18, 44, 120
 55, 40, 32, 28, 31, 40, 55, 45, 17, 10, 18, 45, 10
 58, 39, 27, 21, 27, 39, 58, 49, 16, 3, 16, 49, 115
 49, 34, 21, 17, 22, 33, 49, 41, 12, 4, 12, 41, 125
 48, 32, 21, 16, 21, 33, 48, 40, 13, 3, 12, 40, 160
 49, 33, 21, 17, 23, 33, 49, 41, 13, 4, 12, 41, 158
 50, 34, 22, 17, 22, 33, 50, 41, 13, 4, 12, 41, 203
 50, 32, 23, 17, 22, 34, 50, 41, 13, 5, 13, 41, 63
 48, 32, 20, 15, 21, 32, 48, 41, 13, 2, 12, 41, 85
 49, 33, 21, 18, 22, 32, 49, 40, 13, 5, 13, 40, 34
 51, 33, 23, 18, 24, 36, 51, 41, 14, 3, 13, 41, 95
 49, 33, 22, 18, 25, 35, 49, 40, 13, 3, 12, 40, 76
 50, 34, 24, 18, 25, 36, 50, 41, 14, 3, 13, 41, 107
 50, 34, 24, 19, 26, 36, 50, 42, 16, 4, 13, 42, 68
 48, 34, 25, 20, 26, 36, 48, 39, 15, 5, 14, 39, 39
 49, 36, 26, 22, 26, 36, 49, 41, 15, 6, 15, 41, 232
 49, 35, 26, 22, 27, 36, 49, 39, 16, 5, 14, 39, 16
 39, 31, 26, 22, 25, 28, 39, 32, 10, 6, 12, 32, 59
 39, 31, 26, 22, 25, 28, 39, 32, 10, 6, 12, 32, 117
 39, 31, 26, 23, 25, 28, 39, 32, 10, 7, 12, 32, 44
 35, 31, 27, 24, 26, 28, 35, 29, 10, 8, 12, 29, 87
 36, 31, 27, 24, 25, 27, 36, 30, 10, 7, 12, 30, 237
 35, 30, 25, 23, 24, 26, 35, 28, 9, 8, 12, 28, 234
 35, 30, 26, 22, 24, 26, 35, 29, 10, 7, 12, 29, 100
 76, 48, 28, 20, 29, 50, 76, 63, 20, 3, 18, 63, 52
 77, 50, 30, 22, 31, 51, 77, 65, 21, 4, 19, 65, 3
 76, 50, 31, 24, 33, 52, 76, 64, 20, 5, 19, 64, 248
 76, 51, 34, 25, 33, 53, 76, 64, 21, 7, 20, 64, 108
 76, 52, 34, 28, 35, 53, 76, 64, 22, 9, 21, 64, 174
 77, 53, 35, 28, 35, 54, 77, 65, 22, 9, 21, 65, 156
 77, 52, 34, 28, 34, 52, 77, 64, 21, 10, 21, 64, 240
 48, 33, 27, 24, 28, 36, 48, 38, 15, 8, 14, 38, 103
 47, 37, 31, 28, 31, 38, 47, 38, 17, 11, 17, 38, 182
 48, 36, 30, 26, 31, 38, 48, 39, 17, 11, 16, 39, 185
 46, 32, 26, 21, 26, 34, 46, 38, 14, 8, 14, 38, 28
 47, 34, 26, 22, 27, 35, 47, 39, 17, 9, 15, 39, 253
 46, 34, 26, 22, 26, 34, 46, 38, 15, 10, 15, 38, 171
 47, 35, 28, 25, 28, 36, 47, 38, 15, 11, 16, 38, 137
 47, 34, 28, 24, 28, 34, 47, 39, 17, 10, 15, 39, 232
 46, 33, 25, 20, 25, 32, 46, 38, 15, 7, 14, 38, 219
 44, 31, 24, 21, 25, 32, 44, 36, 15, 9, 13, 36, 169
 44, 30, 23, 20, 24, 31, 44, 36, 15, 8, 13, 36, 181
 44, 30, 23, 19, 24, 31, 44, 36, 15, 9, 14, 36, 221
 40, 28, 21, 16, 18, 25, 40, 32, 11, 5, 12, 32, 60
 38, 30, 24, 20, 22, 27, 38, 30, 12, 8, 12, 30, 192
 95, 64, 46, 34, 43, 61, 95, 78, 26, 5, 26, 78, 249
 94, 65, 46, 34, 43, 62, 94, 79, 26, 5, 25, 79, 171
 94, 66, 47, 36, 44, 62, 94, 77, 26, 5, 25, 77, 0
 95, 67, 49, 36, 45, 63, 95, 79, 26, 4, 26, 79, 4
 95, 67, 48, 35, 44, 64, 95, 79, 26, 7, 26, 79, 152
 94, 66, 49, 38, 45, 64, 94, 78, 26, 9, 27, 78, 160
 93, 68, 51, 40, 47, 63, 93, 77, 25, 9, 27, 77, 120
 32, 21, 13, 9, 12, 20, 32, 26, 9, 3, 8, 26, 148
 31, 21, 13, 11, 14, 20, 31, 26, 9, 3, 8, 26, 214
 31, 20, 13, 10, 14, 20, 31, 27, 8, 3, 8, 27, 105
 31, 20, 13, 10, 12, 20, 31, 26, 9, 2, 7, 26, 214
 32, 21, 13, 9, 12, 21, 32, 27, 9, 2, 8, 27, 132
 32, 20, 12, 9, 12, 20, 32, 26, 9, 2, 7, 26, 178
 31, 21, 13, 9, 13, 21, 31, 27, 9, 1, 8, 27, 36
 53, 35, 25, 21, 26, 37, 53, 43, 14, 4, 14, 43, 2
 54, 35, 25, 20, 26, 38, 54, 45, 13, 4, 14, 45, 32
 53, 36, 30, 27, 31, 39, 53, 43, 14, 7, 13, 43, 47
 55, 38, 30, 26, 30, 40, 55, 45, 14, 5, 14, 45, 240
 54, 32, 20, 17, 23, 35, 54, 45, 12, 1, 12, 45, 176
 61, 39, 25, 21, 28, 42, 61, 51, 16, 3, 16, 51, 41
 62, 43, 34, 31, 36, 46, 62, 51, 21, 13, 18, 51, 42
 51, 35, 25, 21, 26, 36, 51, 42, 12, 2, 14, 42, 246
 51, 35, 26, 21, 26, 36, 51, 41, 12, 2, 14, 41, 147
 53, 36, 26, 21, 27, 36, 53, 43, 12, 2, 14, 43, 112
 55, 38, 26, 22, 29, 39, 55, 44, 14, 2, 15, 44, 108
 56, 39, 29, 25, 32, 41, 56, 46, 15, 4, 16, 46, 166
 56, 38, 30, 26, 33, 42, 56, 45, 16, 7, 15, 45, 180
 56, 40, 32, 28, 34, 43, 56, 45, 16, 7, 16, 45, 172
 56, 38, 27, 22, 29, 39, 56, 45, 17, 6, 16, 45, 247
 57, 38, 27, 23, 29, 41, 57, 47, 17, 6, 16, 47, 167
 57, 39, 28, 23, 29, 40, 57, 46, 17, 6, 16, 46, 42
 56, 38, 28, 22, 29, 41, 56, 46, 17, 6, 16, 46, 27
 55, 38, 28, 23, 29, 40, 55, 45, 17, 5, 14, 45, 160
 54, 37, 27, 22, 29, 39, 54, 44, 17, 6, 14, 44, 21
 53, 37, 27, 22, 28, 38, 53, 43, 16, 5, 14, 43, 108
 72, 41, 19, 7, 20, 42, 72, 62, 18, 2, 18, 62, 31
 70, 39, 18, 6, 18, 41, 70, 60, 17, 3, 17, 60, 159
 72, 42, 19, 7, 21, 43, 72, 62, 18, 1, 19, 62, 213
 72, 41, 19, 6, 19, 42, 72, 62, 17, 2, 18, 62, 16
 72, 41, 18, 5, 20, 42, 72, 62, 18, 2, 18, 62, 39
 70, 40, 19, 8, 19, 42, 70, 59, 17, 2, 18, 59, 215
 71, 40, 18, 5, 18, 41, 71, 61, 17, 2, 17, 61, 42
 53, 35, 26, 23, 26, 35, 53, 43, 14, 6, 13, 43, 2
 52, 36, 27, 23, 26, 37, 52, 42, 16, 7, 15, 42, 122
 52, 33, 22, 19, 23, 34, 52, 43, 14, 7, 14, 43, 1
 43, 28, 17, 13, 17, 26, 43, 35, 10, 2, 10, 35, 173
 46, 30, 18, 12, 17, 29, 46, 38, 10, 3, 13, 38, 90
 55, 37, 26, 22, 26, 37, 55, 46, 17, 9, 16, 46, 248
 54, 33, 21, 17, 21, 34, 54, 46, 14, 6, 13, 46, 115
 84, 51, 31, 22, 32, 53, 84, 68, 24, 1, 20, 68, 244
 88, 64, 46, 36, 45, 62, 88, 72, 26, 5, 25, 72, 255
 91, 63, 46, 37, 47, 64, 91, 74, 27, 8, 25, 74, 30
 89, 62, 45, 36, 45, 62, 89, 73, 25, 5, 24, 73, 166
 88, 62, 44, 36, 44, 62, 88, 72, 25, 5, 23, 72, 166
 92, 65, 45, 36, 46, 64, 92, 76, 26, 9, 26, 76, 23
 91, 63, 45, 35, 45, 63, 91, 75, 26, 4, 24, 75, 177
 68, 42, 20, 9, 19, 41, 68, 60, 17, 1, 17, 60, 117
 66, 39, 18, 8, 19, 40, 66, 59, 17, 1, 16, 59, 2
 67, 40, 19, 9, 20, 41, 67, 59, 16, 1, 16, 59, 128
 67, 41, 19, 9, 20, 41, 67, 59, 17, 1, 17, 59, 15
 69, 41, 20, 8, 19, 42, 69, 61, 18, 1, 16, 61, 216
 69, 41, 18, 6, 19, 43, 69, 61, 18, 1, 17, 61, 243
 69, 42, 19, 9, 21, 43, 69, 61, 18, 0, 17, 61, 4
 38, 26, 17, 12, 16, 26, 38, 32, 11, 2, 11, 32, 126
 37, 25, 17, 13, 17, 25, 37, 31, 11, 3, 11, 31, 35
 35, 25, 18, 15, 18, 24, 35, 29, 9, 3, 10, 29, 23
 36, 24, 19, 16, 19, 24, 36, 30, 9, 3, 10, 30, 219
 37, 26, 20, 17, 19, 25, 37, 30, 11, 6, 11, 30, 111
 35, 25, 19, 17, 20, 25, 35, 27, 11, 7, 10, 27, 151
 35, 25, 18, 15, 19, 25, 35, 28, 11, 5, 11, 28, 138
 26, 17, 17, 17, 18, 22, 26, 21, 8, 7, 6, 21, 167
 27, 17, 14, 14, 17, 21, 27, 21, 6, 2, 5, 21, 48
 27, 18, 15, 15, 18, 22, 27, 22, 7, 3, 6, 22, 205
 26, 16, 14, 13, 16, 20, 26, 21, 7, 3, 4, 21, 98
 25, 16, 16, 15, 17, 21, 25, 21, 7, 3, 5, 21, 61
 23, 14, 13, 13, 14, 17, 23, 19, 5, 2, 5, 19, 120
 25, 16, 13, 13, 16, 20, 25, 20, 6, 3, 4, 20, 108
 64, 44, 34, 28, 33, 44, 64, 50, 17, 7, 17, 50, 63
 63, 44, 34, 29, 33, 43, 63, 50, 16, 6, 16, 50, 239
 64, 44, 34, 30, 36, 45, 64, 50, 16, 4, 15, 50, 209
 64, 44, 36, 31, 37, 46, 64, 50, 17, 4, 14, 50, 126
 63, 44, 37, 33, 38, 47, 63, 48, 15, 5, 14, 48, 209
 61, 41, 34, 31, 36, 44, 61, 45, 14, 4, 13, 45, 251
 61, 42, 33, 30, 36, 43, 61, 45, 16, 6, 14, 45, 195
 46, 42, 41, 38, 39, 38, 46, 35, 16, 15, 18, 35, 186
 48, 42, 38, 33, 35, 36, 48, 36, 14, 12, 17, 36, 147
 47, 40, 37, 33, 35, 37, 47, 36, 15, 13, 18, 36, 246
 45, 40, 38, 34, 36, 36, 45, 34, 15, 13, 17, 34, 95
 46, 43, 43, 40, 41, 38, 46, 34, 17, 16, 18, 34, 12
 48, 44, 40, 38, 40, 39, 48, 36, 16, 15, 19, 36, 227
 46, 42, 39, 35, 37, 37, 46, 35, 15, 13, 19, 35, 255
 80, 54, 40, 32, 41, 56, 80, 64, 23, 4, 19, 64, 171
 80, 56, 41, 33, 42, 58, 80, 64, 22, 5, 19, 64, 145
 78, 53, 39, 32, 41, 56, 78, 63, 23, 2, 20, 63, 167
 81, 54, 36, 28, 38, 56, 81, 66, 23, 1, 20, 66, 52
 63, 49, 37, 29, 37, 48, 63, 51, 20, 2, 17, 51, 98
 63, 48, 37, 29, 38, 49, 63, 51, 21, 3, 18, 51, 142
 79, 54, 38, 30, 39, 55, 79, 63, 22, 2, 20, 63, 225
 44, 36, 29, 26, 27, 33, 44, 36, 15, 14, 17, 36, 120
 44, 36, 28, 24, 27, 33, 44, 37, 16, 14, 19, 37, 23
 45, 37, 29, 25, 28, 33, 45, 37, 16, 15, 19, 37, 32
 45, 36, 30, 26, 28, 34, 45, 38, 15, 14, 19, 38, 97
 44, 36, 28, 25, 27, 33, 44, 37, 15, 14, 19, 37, 107
 44, 35, 28, 25, 26, 33, 44, 37, 14, 12, 17, 37, 195
 44, 34, 26, 23, 25, 31, 44, 36, 12, 10, 14, 36, 233
 38, 24, 20, 15, 19, 25, 38, 30, 11, 2, 8, 30, 3
 41, 26, 20, 15, 20, 27, 41, 32, 12, 2, 8, 32, 166
 41, 29, 23, 20, 23, 29, 41, 34, 11, 7, 12, 34, 44
 41, 27, 22, 19, 22, 27, 41, 32, 11, 2, 8, 32, 131
 41, 29, 22, 21, 23, 28, 41, 32, 11, 7, 11, 32, 116
 42, 31, 26, 23, 26, 31, 42, 33, 11, 5, 12, 33, 133
 41, 27, 20, 15, 20, 27, 41, 34, 12, 2, 9, 34, 171
 30, 21, 16, 12, 12, 17, 30, 25, 7, 5, 8, 25, 47
 31, 22, 16, 12, 13, 19, 31, 26, 7, 5, 9, 26, 54
 30, 22, 16, 12, 13, 19, 30, 25, 7, 5, 8, 25, 144
 29, 22, 16, 13, 13, 19, 29, 25, 7, 6, 9, 25, 232
 29, 22, 16, 12, 13, 18, 29, 24, 9, 6, 9, 24, 57
 29, 21, 15, 12, 13, 18, 29, 24, 8, 6, 10, 24, 70
 29, 22, 16, 13, 13, 18, 29, 24, 9, 7, 10, 24, 137
 45, 30, 21, 18, 22, 30, 45, 37, 10, 3, 10, 37, 6
 45, 29, 19, 17, 20, 29, 45, 36, 10, 3, 10, 36, 199
 44, 30, 20, 18, 20, 29, 44, 36, 9, 3, 9, 36, 143
 44, 30, 20, 18, 22, 31, 44, 36, 12, 7, 11, 36, 239
 45, 30, 20, 17, 20, 30, 45, 37, 12, 7, 11, 37, 138
 47, 31, 20, 17, 20, 32, 47, 39, 15, 8, 13, 39, 86
 44, 30, 24, 21, 25, 32, 44, 36, 11, 5, 11, 36, 85
 43, 25, 12, 6, 13, 25, 43, 34, 13, 7, 13, 34, 214
 45, 28, 14, 7, 13, 26, 45, 37, 11, 3, 12, 37, 36
 45, 29, 15, 8, 15, 27, 45, 37, 13, 2, 13, 37, 68
 43, 27, 14, 8, 12, 26, 43, 36, 11, 3, 11, 36, 209
 41, 25, 13, 6, 13, 24, 41, 33, 11, 4, 11, 33, 239
 44, 35, 31, 29, 32, 36, 44, 34, 15, 10, 14, 34, 45
 44, 35, 31, 29, 32, 35, 44, 34, 15, 10, 13, 34, 249
 64, 47, 34, 29, 35, 48, 64, 53, 22, 13, 20, 53, 212
 64, 47, 35, 30, 36, 47, 64, 53, 21, 14, 21, 53, 235
 64, 47, 35, 29, 35, 47, 64, 52, 22, 12, 19, 52, 122
 63, 45, 34, 28, 35, 47, 63, 52, 20, 11, 20, 52, 75
 63, 46, 34, 30, 35, 48, 63, 52, 21, 13, 21, 52, 1
 64, 46, 33, 29, 34, 47, 64, 52, 20, 12, 20, 52, 21
 64, 46, 34, 28, 34, 48, 64, 53, 22, 12, 19, 53, 21
 46, 33, 25, 20, 24, 32, 46, 37, 13, 5, 14, 37, 172
 45, 32, 24, 19, 24, 33, 45, 37, 13, 4, 14, 37, 134
 44, 35, 31, 29, 31, 35, 44, 34, 13, 7, 13, 34, 175
 44, 35, 32, 29, 32, 35, 44, 33, 13, 7, 13, 33, 146
 44, 32, 25, 21, 24, 31, 44, 34, 13, 1, 14, 34, 78
 45, 37, 32, 29, 32, 36, 45, 35, 13, 7, 13, 35, 12
 44, 34, 29, 26, 29, 34, 44, 34, 12, 6, 12, 34, 207
 98, 64, 35, 19, 35, 63, 98, 81, 29, 7, 27, 81, 97
 61, 45, 35, 29, 35, 47, 61, 49, 18, 6, 17, 49, 169
 57, 39, 28, 22, 27, 39, 57, 45, 15, 3, 15, 45, 237
 57, 39, 29, 23, 28, 39, 57, 46, 15, 2, 15, 46, 193
 54, 39, 29, 25, 29, 38, 54, 42, 14, 3, 15, 42, 145
 58, 41, 31, 26, 31, 42, 58, 46, 15, 3, 15, 46, 216
 65, 48, 37, 31, 36, 47, 65, 52, 19, 8, 19, 52, 208
 66, 50, 39, 33, 38, 49, 66, 54, 19, 10, 20, 54, 20
 34, 22, 14, 10, 14, 23, 34, 28, 9, 1, 11, 28, 215
 36, 23, 14, 10, 13, 23, 36, 30, 9, 1, 10, 30, 34
 35, 23, 15, 10, 15, 23, 35, 29, 10, 0, 10, 29, 224
 35, 25, 19, 18, 20, 25, 35, 27, 10, 5, 9, 27, 114
 37, 28, 23, 21, 25, 30, 37, 31, 14, 9, 13, 31, 24
 40, 33, 30, 28, 30, 34, 40, 32, 17, 13, 16, 32, 251
 40, 33, 29, 27, 30, 34, 40, 33, 19, 14, 16, 33, 118
 67, 46, 30, 23, 30, 46, 67, 57, 20, 9, 20, 57, 7
 68, 48, 30, 23, 30, 47, 68, 59, 21, 9, 21, 59, 48
 69, 47, 30, 24, 31, 47, 69, 59, 21, 8, 20, 59, 4
 68, 46, 29, 22, 29, 46, 68, 58, 19, 8, 19, 58, 234
 67, 46, 28, 20, 27, 46, 67, 57, 19, 6, 18, 57, 252
 67, 44, 26, 20, 27, 46, 67, 57, 18, 4, 17, 57, 2
 67, 44, 25, 16, 25, 44, 67, 58, 19, 2, 17, 58, 197
 30, 19, 10, 4, 9, 18, 30, 26, 7, 0, 8, 26, 65
 29, 18, 9, 5, 9, 18, 29, 25, 6, 0, 8, 25, 21
 30, 19, 10, 4, 8, 18, 30, 26, 7, 1, 8, 26, 50
 30, 19, 9, 4, 9, 17, 30, 26, 7, 1, 7, 26, 7
 31, 19, 9, 4, 9, 18, 31, 26, 7, 1, 8, 26, 131
 31, 19, 10, 4, 8, 17, 31, 27, 7, 1, 9, 27, 24
 31, 19, 10, 4, 9, 18, 31, 27, 7, 1, 8, 27, 88
 40, 24, 11, 6, 11, 24, 40, 34, 10, 1, 10, 34, 227
 41, 24, 12, 6, 11, 24, 41, 35, 10, 0, 10, 35, 252
 41, 24, 11, 6, 10, 24, 41, 35, 9, 1, 10, 35, 229
 40, 24, 11, 5, 11, 24, 40, 34, 10, 0, 10, 34, 237
 38, 23, 12, 7, 11, 24, 38, 34, 10, 0, 10, 34, 21
 39, 24, 13, 7, 11, 23, 39, 34, 10, 0, 11, 34, 113
 40, 24, 12, 6, 12, 24, 40, 35, 10, 1, 10, 35, 227
 60, 42, 29, 25, 32, 41, 60, 47, 17, 7, 15, 47, 36
 63, 42, 30, 25, 31, 42, 63, 49, 17, 6, 16, 49, 28
 60, 41, 30, 25, 30, 40, 60, 47, 17, 7, 15, 47, 203
 60, 41, 29, 24, 29, 40, 60, 47, 15, 8, 15, 47, 124
 61, 42, 29, 24, 31, 41, 61, 47, 17, 7, 16, 47, 124
 63, 42, 30, 25, 32, 43, 63, 49, 17, 7, 16, 49, 200
 60, 41, 30, 25, 31, 41, 60, 46, 17, 7, 16, 46, 227
 50, 35, 22, 16, 21, 34, 50, 40, 13, 3, 15, 40, 56
 49, 33, 22, 16, 21, 33, 49, 40, 13, 2, 14, 40, 137
 48, 37, 30, 27, 32, 38, 48, 38, 15, 8, 15, 38, 55
 50, 37, 29, 24, 29, 37, 50, 41, 16, 10, 16, 41, 52
 47, 37, 31, 28, 32, 37, 47, 37, 16, 10, 15, 37, 131
 47, 38, 34, 31, 35, 39, 47, 38, 17, 11, 16, 38, 103
 48, 33, 25, 22, 26, 35, 48, 38, 14, 6, 13, 38, 52
 46, 33, 28, 24, 28, 34, 46, 36, 15, 10, 14, 36, 191
 44, 33, 25, 23, 26, 33, 44, 36, 14, 8, 13, 36, 255
 44, 33, 26, 23, 25, 34, 44, 35, 14, 9, 12, 35, 232
 45, 32, 26, 25, 28, 35, 45, 36, 14, 9, 14, 36, 193
 42, 32, 24, 22, 26, 32, 42, 34, 14, 10, 12, 34, 72
 44, 33, 26, 23, 27, 33, 44, 36, 14, 9, 13, 36, 215
 42, 32, 27, 24, 28, 34, 42, 34, 15, 11, 13, 34, 95
 44, 27, 17, 12, 17, 25, 44, 36, 10, 1, 11, 36, 39
 44, 27, 17, 11, 16, 25, 44, 36, 10, 1, 11, 36, 240
 45, 27, 17, 11, 15, 25, 45, 37, 9, 1, 11, 37, 253
 44, 27, 17, 11, 17, 26, 44, 36, 10, 1, 11, 36, 104
 44, 27, 17, 11, 16, 25, 44, 35, 10, 1, 12, 35, 45
 45, 28, 18, 12, 17, 27, 45, 37, 11, 1, 12, 37, 18
 44, 26, 17, 11, 17, 27, 44, 35, 11, 1, 11, 35, 23
 52, 37, 26, 20, 26, 37, 52, 42, 15, 3, 13, 42, 30
 83, 59, 44, 37, 46, 62, 83, 66, 25, 10, 25, 66, 96
 82, 59, 45, 36, 46, 61, 82, 66, 26, 10, 24, 66, 166
 82, 59, 46, 38, 47, 61, 82, 68, 25, 9, 25, 68, 213
 84, 59, 45, 38, 47, 62, 84, 68, 25, 10, 24, 68, 103
 85, 60, 46, 39, 49, 63, 85, 69, 26, 10, 25, 69, 6
 85, 61, 48, 41, 51, 63, 85, 67, 26, 12, 24, 67, 109
 86, 63, 49, 43, 52, 66, 86, 69, 27, 15, 26, 69, 184
 85, 58, 42, 34, 44, 60, 85, 70, 22, 4, 24, 70, 158
 85, 59, 42, 34, 44, 61, 85, 69, 22, 3, 24, 69, 24
 86, 60, 42, 34, 43, 61, 86, 70, 21, 5, 25, 70, 28
 83, 59, 42, 33, 43, 60, 83, 69, 22, 4, 26, 69, 22
 84, 59, 43, 34, 45, 62, 84, 69, 21, 4, 25, 69, 154
 85, 60, 44, 35, 46, 63, 85, 69, 23, 4, 26, 69, 90
 84, 59, 43, 34, 44, 60, 84, 68, 22, 5, 26, 68, 92
 63, 41, 24, 15, 22, 40, 63, 56, 16, 2, 18, 56, 50
 60, 41, 25, 18, 24, 38, 60, 51, 16, 4, 17, 51, 87
 60, 40, 27, 19, 24, 38, 60, 50, 16, 5, 16, 50, 244
 59, 41, 26, 19, 25, 39, 59, 50, 17, 5, 18, 50, 180
 58, 40, 26, 18, 24, 39, 58, 48, 16, 5, 17, 48, 5
 60, 40, 26, 18, 24, 40, 60, 49, 18, 4, 18, 49, 199
 57, 39, 25, 18, 24, 38, 57, 47, 17, 5, 18, 47, 111
 58, 39, 25, 18, 24, 38, 58, 47, 15, 3, 15, 47, 45
 59, 39, 25, 18, 25, 39, 59, 48, 17, 3, 16, 48, 198
 59, 40, 27, 19, 26, 39, 59, 48, 17, 4, 17, 48, 248
 59, 37, 23, 15, 23, 36, 59, 49, 15, 2, 16, 49, 226
 63, 39, 22, 15, 22, 38, 63, 54, 16, 1, 17, 54, 68
 63, 39, 22, 15, 23, 39, 63, 53, 16, 1, 15, 53, 30
 63, 39, 24, 15, 23, 39, 63, 53, 16, 1, 16, 53, 41
 48, 37, 31, 29, 33, 40, 48, 38, 16, 10, 14, 38, 152
 50, 36, 29, 26, 31, 40, 50, 39, 16, 7, 14, 39, 125
 52, 36, 27, 23, 28, 38, 52, 41, 14, 4, 14, 41, 83
 55, 36, 26, 21, 28, 38, 55, 44, 13, 2, 15, 44, 18
 57, 37, 26, 22, 27, 38, 57, 46, 13, 1, 15, 46, 175
 54, 36, 26, 20, 26, 37, 54, 45, 13, 2, 14, 45, 174
 54, 37, 26, 22, 27, 38, 54, 43, 13, 2, 14, 43, 82
 82, 59, 45, 38, 44, 58, 82, 66, 25, 12, 24, 66, 59
 83, 59, 44, 37, 43, 58, 83, 67, 24, 12, 23, 67, 248
 83, 59, 44, 38, 43, 58, 83, 68, 24, 12, 24, 68, 38
 83, 59, 44, 36, 43, 58, 83, 67, 23, 10, 24, 67, 176
 80, 57, 42, 36, 40, 56, 80, 64, 22, 9, 23, 64, 174
 80, 55, 40, 32, 39, 55, 80, 64, 21, 3, 22, 64, 213
 82, 57, 40, 33, 40, 56, 82, 67, 21, 5, 22, 67, 116
 52, 40, 34, 31, 35, 40, 52, 40, 14, 6, 13, 40, 23
 54, 41, 34, 30, 34, 41, 54, 42, 13, 5, 14, 42, 1
 52, 42, 34, 30, 35, 41, 52, 41, 15, 6, 15, 41, 129
 52, 41, 35, 30, 35, 41, 52, 42, 14, 6, 14, 42, 117
 52, 41, 35, 31, 36, 41, 52, 40, 15, 7, 15, 40, 14
 52, 40, 35, 31, 35, 40, 52, 41, 14, 5, 14, 41, 214
 53, 42, 35, 31, 34, 42, 53, 42, 15, 6, 15, 42, 113
 53, 36, 21, 13, 17, 30, 53, 45, 12, 1, 13, 45, 22
 43, 31, 30, 31, 36, 40, 43, 35, 18, 11, 13, 35, 246
 51, 34, 22, 15, 17, 30, 51, 44, 11, 1, 12, 44, 16
 50, 34, 21, 15, 18, 30, 50, 43, 12, 1, 12, 43, 107
 54, 36, 22, 15, 18, 32, 54, 46, 12, 0, 13, 46, 16
 51, 34, 22, 15, 19, 30, 51, 43, 11, 1, 13, 43, 8
 52, 35, 22, 15, 19, 30, 52, 45, 12, 1, 13, 45, 166
 78, 50, 28, 17, 27, 48, 78, 67, 20, 1, 20, 67, 161
 77, 49, 28, 17, 26, 47, 77, 66, 20, 2, 20, 66, 55
 79, 49, 29, 18, 27, 48, 79, 66, 20, 3, 20, 66, 249
 75, 48, 27, 17, 27, 48, 75, 65, 20, 2, 19, 65, 198
 77, 49, 27, 16, 26, 47, 77, 66, 19, 2, 19, 66, 209
 76, 47, 25, 16, 25, 46, 76, 64, 19, 1, 18, 64, 103
 75, 47, 26, 16, 25, 46, 75, 63, 19, 3, 19, 63, 104
 108, 74, 51, 45, 58, 78, 108, 89, 28, 12, 29, 89, 186
 113, 77, 52, 47, 59, 81, 113, 93, 31, 14, 29, 93, 222
 108, 73, 51, 46, 58, 78, 108, 89, 26, 10, 29, 89, 47
 97, 67, 48, 41, 54, 72, 97, 80, 21, 7, 27, 80, 178
 97, 67, 43, 30, 39, 65, 97, 80, 21, 5, 29, 80, 126
 97, 67, 42, 27, 38, 65, 97, 81, 20, 6, 34, 81, 205
 88, 62, 39, 28, 36, 59, 88, 74, 20, 4, 26, 74, 208
 103, 74, 52, 42, 50, 71, 103, 88, 31, 18, 34, 88, 209
 102, 72, 50, 39, 48, 70, 102, 86, 30, 16, 32, 86, 199
 104, 74, 50, 40, 48, 71, 104, 89, 29, 15, 32, 89, 217
 98, 62, 36, 24, 36, 63, 98, 83, 25, 7, 25, 83, 89
 106, 74, 48, 36, 44, 71, 106, 90, 29, 14, 31, 90, 176
 109, 77, 49, 35, 46, 73, 109, 93, 31, 13, 33, 93, 7
 107, 74, 48, 35, 45, 72, 107, 91, 30, 10, 30, 91, 97
 88, 57, 36, 28, 37, 58, 88, 76, 23, 5, 22, 76, 237
 79, 47, 24, 15, 24, 46, 79, 67, 17, 0, 18, 67, 251
 88, 54, 33, 25, 33, 55, 88, 74, 22, 2, 21, 74, 20
 79, 46, 25, 16, 24, 46, 79, 67, 17, 1, 17, 67, 70
 79, 46, 24, 15, 24, 45, 79, 67, 17, 0, 17, 67, 251
 79, 47, 26, 17, 25, 47, 79, 67, 18, 1, 18, 67, 16
 79, 47, 25, 16, 25, 47, 79, 67, 18, 0, 18, 67, 29
 62, 44, 35, 31, 36, 46, 62, 48, 20, 12, 18, 48, 140
 62, 45, 36, 31, 36, 45, 62, 49, 20, 12, 19, 49, 34
 69, 44, 33, 30, 37, 48, 69, 54, 19, 10, 18, 54, 133
 70, 46, 33, 29, 35, 49, 70, 56, 19, 10, 19, 56, 12
 68, 45, 32, 28, 34, 47, 68, 55, 20, 9, 19, 55, 179
 62, 43, 33, 27, 33, 43, 62, 50, 18, 9, 18, 50, 23
 73, 45, 29, 26, 34, 49, 73, 59, 17, 4, 17, 59, 226
 34, 27, 19, 13, 15, 21, 34, 29, 6, 2, 8, 29, 67
 40, 30, 19, 13, 15, 25, 40, 34, 8, 2, 11, 34, 242
 48, 40, 30, 24, 26, 35, 48, 42, 15, 12, 18, 42, 75
 37, 32, 24, 18, 18, 23, 37, 32, 10, 8, 13, 32, 136
 45, 34, 24, 18, 20, 28, 45, 40, 12, 8, 15, 40, 202
 49, 37, 24, 17, 18, 31, 49, 43, 11, 5, 14, 43, 64
 45, 33, 23, 18, 19, 29, 45, 39, 10, 5, 12, 39, 14
 28, 18, 12, 9, 11, 18, 28, 24, 7, 3, 7, 24, 26
 30, 19, 11, 8, 11, 19, 30, 25, 8, 2, 7, 25, 22
 29, 19, 12, 8, 11, 19, 29, 25, 8, 3, 8, 25, 41
 29, 19, 12, 8, 11, 18, 29, 25, 8, 2, 8, 25, 242
 28, 19, 11, 9, 11, 18, 28, 24, 8, 3, 7, 24, 199
 29, 19, 12, 9, 12, 18, 29, 25, 8, 3, 8, 25, 67
 28, 19, 12, 10, 12, 18, 28, 24, 8, 4, 8, 24, 57
 57, 42, 30, 25, 30, 42, 57, 47, 17, 9, 17, 47, 11
 58, 44, 31, 26, 31, 44, 58, 47, 20, 10, 19, 47, 214
 58, 42, 30, 24, 30, 43, 58, 48, 19, 10, 19, 48, 248
 58, 43, 30, 23, 29, 43, 58, 48, 18, 9, 18, 48, 55
 57, 40, 28, 21, 27, 41, 57, 47, 16, 6, 16, 47, 55
 56, 39, 25, 20, 25, 38, 56, 46, 15, 5, 15, 46, 26
 56, 39, 24, 19, 25, 39, 56, 45, 15, 3, 16, 45, 222
 30, 21, 15, 12, 15, 21, 30, 25, 9, 4, 9, 25, 44
 30, 21, 15, 12, 15, 21, 30, 25, 9, 4, 9, 25, 169
 32, 22, 14, 9, 14, 21, 32, 28, 10, 1, 10, 28, 201
 35, 22, 13, 9, 12, 21, 35, 29, 9, 1, 9, 29, 129
 35, 22, 13, 8, 12, 21, 35, 29, 8, 1, 10, 29, 249
 35, 23, 15, 10, 14, 23, 35, 29, 9, 3, 10, 29, 38
 34, 23, 16, 13, 16, 23, 34, 29, 10, 5, 11, 29, 70
 65, 46, 37, 31, 37, 46, 65, 50, 21, 13, 20, 50, 226
 63, 45, 35, 30, 36, 45, 63, 50, 20, 12, 19, 50, 10
 65, 45, 36, 32, 37, 46, 65, 52, 19, 11, 19, 52, 22
 65, 45, 35, 29, 36, 45, 65, 52, 18, 9, 18, 52, 1
 65, 43, 33, 27, 33, 44, 65, 52, 17, 6, 18, 52, 20
 66, 43, 31, 25, 32, 44, 66, 53, 17, 7, 17, 53, 120
 66, 44, 32, 25, 31, 44, 66, 52, 17, 8, 18, 52, 229
 55, 42, 35, 31, 34, 42, 55, 44, 18, 11, 18, 44, 209
 54, 41, 34, 31, 34, 40, 54, 43, 17, 10, 17, 43, 22
 54, 42, 34, 31, 35, 42, 54, 44, 19, 13, 19, 44, 244
 55, 38, 27, 24, 28, 38, 55, 44, 17, 9, 17, 44, 178
 55, 42, 35, 30, 34, 42, 55, 45, 19, 12, 18, 45, 129
 55, 38, 27, 23, 28, 39, 55, 45, 16, 8, 16, 45, 66
 56, 38, 24, 20, 26, 38, 56, 48, 16, 7, 16, 48, 123
 65, 46, 33, 27, 34, 47, 65, 54, 20, 10, 18, 54, 34
 63, 41, 26, 20, 24, 37, 63, 51, 12, 3, 15, 51, 9
 62, 41, 27, 20, 26, 37, 62, 50, 13, 3, 17, 50, 165
 61, 41, 27, 21, 29, 39, 61, 49, 12, 3, 15, 49, 189
 61, 41, 31, 25, 33, 44, 61, 48, 14, 4, 16, 48, 176
 62, 43, 34, 29, 37, 46, 62, 49, 16, 6, 16, 49, 4
 64, 46, 37, 35, 42, 50, 64, 51, 21, 11, 17, 51, 116
 90, 58, 32, 23, 32, 58, 90, 76, 23, 6, 23, 76, 158
 88, 57, 32, 24, 32, 57, 88, 75, 22, 7, 22, 75, 5
 88, 58, 33, 23, 33, 58, 88, 76, 23, 6, 23, 76, 116
 88, 57, 33, 24, 33, 57, 88, 74, 23, 7, 22, 74, 33
 89, 58, 34, 24, 34, 59, 89, 76, 23, 8, 22, 76, 32
 91, 58, 32, 23, 33, 60, 91, 77, 24, 5, 23, 77, 219
 89, 58, 31, 23, 33, 58, 89, 76, 24, 7, 23, 76, 37
 72, 45, 32, 25, 31, 47, 72, 59, 18, 3, 18, 59, 106
 71, 45, 30, 25, 32, 46, 71, 57, 18, 2, 18, 57, 75
 73, 48, 33, 26, 33, 47, 73, 59, 19, 2, 19, 59, 227
 69, 46, 33, 26, 31, 46, 69, 56, 18, 3, 18, 56, 73
 71, 48, 34, 27, 33, 48, 71, 58, 19, 3, 20, 58, 108
 69, 46, 34, 28, 33, 46, 69, 54, 17, 2, 18, 54, 8
 71, 48, 35, 28, 35, 48, 71, 57, 19, 2, 19, 57, 160
 41, 30, 23, 20, 22, 29, 41, 33, 12, 8, 12, 33, 220
 40, 29, 22, 20, 22, 28, 40, 32, 12, 7, 12, 32, 131
 40, 29, 22, 20, 23, 29, 40, 33, 12, 8, 13, 33, 16
 40, 29, 23, 20, 23, 29, 40, 32, 12, 8, 12, 32, 96
 39, 28, 23, 20, 23, 28, 39, 31, 12, 8, 12, 31, 113
 39, 28, 23, 20, 22, 28, 39, 31, 12, 8, 12, 31, 124
 41, 29, 22, 19, 22, 29, 41, 33, 12, 7, 12, 33, 168
 57, 44, 34, 28, 33, 44, 57, 48, 20, 10, 20, 48, 98
 56, 44, 34, 28, 33, 44, 56, 48, 19, 10, 20, 48, 198
 15, 9, 5, 5, 6, 9, 15, 12, 4, 0, 4, 12, 117
 15, 9, 5, 5, 6, 9, 15, 12, 4, 0, 4, 12, 47
 53, 43, 35, 29, 34, 42, 53, 43, 18, 10, 19, 43, 49
 15, 9, 5, 5, 5, 9, 15, 11, 3, 0, 3, 11, 17
 53, 43, 35, 30, 34, 42, 53, 44, 19, 12, 20, 44, 45
 64, 41, 23, 14, 24, 43, 64, 54, 19, 2, 15, 54, 140
 66, 43, 22, 13, 24, 44, 66, 56, 18, 2, 17, 56, 4
 65, 42, 24, 15, 25, 42, 65, 54, 17, 3, 17, 54, 74
 65, 41, 23, 15, 25, 42, 65, 54, 17, 2, 17, 54, 121
 65, 41, 22, 14, 25, 43, 65, 54, 18, 2, 15, 54, 69
 64, 40, 23, 16, 25, 41, 64, 54, 18, 1, 16, 54, 22
 65, 42, 24, 15, 25, 42, 65, 54, 18, 1, 16, 54, 123
 75, 56, 42, 35, 43, 57, 75, 64, 25, 14, 25, 64, 63
 75, 58, 46, 39, 45, 58, 75, 63, 26, 16, 27, 63, 63
 69, 50, 36, 29, 37, 51, 69, 58, 22, 12, 21, 58, 185
 70, 44, 25, 17, 27, 47, 70, 59, 20, 1, 18, 59, 226
 68, 45, 26, 17, 27, 46, 68, 57, 20, 3, 18, 57, 110
 81, 62, 48, 40, 46, 60, 81, 67, 24, 12, 25, 67, 52
 80, 60, 46, 38, 45, 60, 80, 66, 22, 8, 23, 66, 183
 24, 20, 17, 12, 13, 14, 24, 20, 5, 2, 8, 20, 149
 23, 21, 17, 13, 13, 15, 23, 19, 5, 3, 7, 19, 99
 24, 20, 16, 13, 13, 15, 24, 20, 6, 3, 7, 20, 182
 26, 21, 16, 13, 13, 17, 26, 22, 6, 4, 7, 22, 253
 23, 18, 13, 10, 9, 14, 23, 19, 6, 2, 7, 19, 47
 23, 18, 15, 12, 12, 15, 23, 20, 5, 3, 8, 20, 99
 28, 21, 15, 11, 11, 17, 28, 23, 6, 1, 8, 23, 71
 97, 69, 50, 42, 49, 70, 97, 84, 32, 20, 34, 84, 141
 97, 69, 49, 41, 49, 69, 97, 83, 32, 22, 34, 83, 214
 95, 68, 52, 44, 52, 69, 95, 82, 33, 22, 33, 82, 200
 92, 68, 51, 43, 51, 68, 92, 79, 32, 21, 32, 79, 221
 88, 64, 50, 42, 50, 64, 88, 73, 30, 16, 29, 73, 182
 86, 64, 52, 45, 51, 65, 86, 70, 30, 18, 30, 70, 117
 79, 62, 51, 46, 52, 62, 79, 65, 30, 21, 30, 65, 149
 95, 72, 57, 50, 57, 71, 95, 79, 32, 21, 32, 79, 231
 96, 69, 55, 47, 54, 71, 96, 79, 30, 18, 29, 79, 51
 96, 69, 52, 45, 52, 69, 96, 78, 30, 17, 30, 78, 208
 97, 69, 52, 45, 53, 70, 97, 80, 29, 16, 30, 80, 96
 97, 69, 52, 45, 53, 69, 97, 80, 29, 16, 30, 80, 250
 96, 69, 53, 46, 54, 69, 96, 80, 31, 19, 31, 80, 235
 95, 68, 52, 44, 52, 68, 95, 79, 30, 17, 30, 79, 41
 33, 21, 13, 8, 12, 21, 33, 27, 9, 1, 11, 27, 96
 31, 21, 13, 6, 11, 20, 31, 25, 10, 3, 10, 25, 189
 35, 25, 19, 17, 20, 26, 35, 29, 14, 10, 14, 29, 172
 35, 26, 18, 15, 18, 25, 35, 29, 12, 9, 12, 29, 255
 35, 26, 19, 17, 18, 25, 35, 30, 12, 8, 11, 30, 49
 34, 23, 17, 15, 17, 24, 34, 29, 11, 8, 12, 29, 198
 34, 22, 13, 8, 12, 21, 34, 28, 8, 0, 10, 28, 4
 60, 42, 33, 27, 33, 43, 60, 49, 17, 9, 18, 49, 247
 60, 41, 32, 27, 33, 42, 60, 48, 16, 8, 17, 48, 13
 55, 39, 30, 25, 32, 39, 55, 43, 15, 6, 16, 43, 20
 57, 39, 30, 24, 32, 41, 57, 44, 17, 7, 16, 44, 56
 52, 38, 32, 28, 32, 39, 52, 40, 16, 11, 18, 40, 53
 55, 39, 33, 29, 35, 41, 55, 42, 15, 9, 17, 42, 199
 53, 39, 34, 30, 35, 40, 53, 39, 17, 12, 17, 39, 171
 64, 41, 24, 18, 25, 42, 64, 54, 18, 5, 16, 54, 221
 65, 42, 25, 18, 24, 43, 65, 56, 18, 5, 17, 56, 239
 65, 42, 25, 18, 26, 43, 65, 56, 18, 5, 17, 56, 100
 65, 42, 24, 17, 24, 41, 65, 55, 18, 5, 17, 55, 59
 65, 43, 25, 18, 25, 43, 65, 56, 18, 5, 17, 56, 87
 65, 42, 24, 17, 24, 42, 65, 56, 18, 4, 17, 56, 78
 65, 43, 24, 17, 25, 42, 65, 56, 18, 4, 17, 56, 11
 65, 49, 37, 31, 37, 48, 65, 54, 20, 9, 21, 54, 10
 65, 48, 37, 30, 36, 48, 65, 53, 21, 9, 21, 53, 22
 67, 50, 39, 32, 38, 49, 67, 55, 21, 9, 21, 55, 49
 65, 50, 39, 32, 38, 49, 65, 54, 21, 10, 21, 54, 74
 66, 51, 39, 33, 38, 50, 66, 56, 21, 11, 21, 56, 227
 66, 50, 40, 34, 39, 50, 66, 55, 20, 10, 22, 55, 28
 65, 51, 39, 33, 38, 50, 65, 54, 21, 11, 21, 54, 112
 42, 29, 23, 21, 24, 30, 42, 33, 14, 8, 14, 33, 151
 42, 31, 28, 26, 30, 34, 42, 34, 16, 13, 17, 34, 179
 44, 36, 34, 30, 34, 37, 44, 37, 20, 18, 21, 37, 14
 43, 37, 35, 32, 34, 38, 43, 36, 22, 20, 23, 36, 238
 47, 32, 26, 24, 28, 34, 47, 39, 16, 12, 17, 39, 22
 47, 29, 20, 16, 21, 30, 47, 39, 12, 7, 12, 39, 111
 46, 27, 17, 12, 18, 29, 46, 38, 12, 2, 11, 38, 56
 54, 38, 29, 24, 30, 40, 54, 42, 15, 4, 16, 42, 55
 53, 38, 29, 24, 30, 41, 53, 42, 16, 4, 16, 42, 12
 53, 38, 29, 24, 29, 39, 53, 43, 15, 4, 14, 43, 86
 54, 38, 27, 23, 29, 39, 54, 43, 13, 3, 15, 43, 28
 52, 36, 26, 20, 26, 38, 52, 43, 13, 1, 15, 43, 165
 49, 35, 24, 17, 23, 35, 49, 41, 13, 2, 15, 41, 253
 50, 34, 24, 17, 22, 34, 50, 41, 12, 1, 14, 41, 247
 60, 43, 34, 30, 34, 44, 60, 51, 19, 11, 20, 51, 109
 61, 43, 33, 26, 32, 43, 61, 51, 17, 6, 20, 51, 35
 58, 41, 33, 29, 33, 42, 58, 48, 17, 8, 18, 48, 8
 57, 40, 31, 25, 31, 40, 57, 48, 19, 9, 18, 48, 169
 55, 43, 35, 30, 35, 43, 55, 46, 19, 13, 19, 46, 234
 55, 41, 33, 27, 33, 42, 55, 46, 19, 10, 17, 46, 125
 52, 37, 29, 25, 31, 39, 52, 43, 17, 8, 15, 43, 174
 37, 24, 15, 12, 17, 25, 37, 31, 10, 1, 9, 31, 55
 39, 27, 19, 14, 17, 26, 39, 32, 11, 3, 11, 32, 28
 35, 25, 20, 17, 19, 24, 35, 27, 9, 2, 9, 27, 248
 37, 26, 20, 17, 20, 24, 37, 28, 9, 1, 9, 28, 109
 35, 26, 21, 18, 19, 24, 35, 27, 8, 1, 8, 27, 17
 35, 25, 19, 17, 19, 24, 35, 26, 8, 2, 8, 26, 224
 36, 27, 23, 19, 21, 26, 36, 27, 9, 4, 9, 27, 243
 38, 28, 22, 19, 22, 28, 38, 29, 9, 4, 10, 29, 236
 41, 30, 24, 21, 23, 29, 41, 32, 11, 7, 12, 32, 164
 47, 37, 34, 32, 35, 38, 47, 36, 17, 13, 18, 36, 99
 46, 37, 36, 33, 36, 38, 46, 36, 18, 14, 17, 36, 165
 49, 37, 35, 32, 34, 37, 49, 37, 16, 12, 16, 37, 255
 48, 37, 35, 32, 35, 36, 48, 37, 15, 12, 16, 37, 193
 48, 37, 35, 31, 34, 37, 48, 37, 15, 10, 14, 37, 198
 45, 36, 33, 30, 33, 35, 45, 35, 13, 10, 14, 35, 8
 46, 36, 33, 30, 33, 37, 46, 36, 18, 13, 17, 36, 140
 55, 38, 27, 22, 29, 39, 55, 45, 17, 5, 16, 45, 131
 55, 38, 28, 23, 29, 40, 55, 45, 15, 5, 15, 45, 129
 56, 38, 28, 23, 30, 40, 56, 45, 15, 4, 16, 45, 244
 55, 37, 28, 23, 29, 39, 55, 45, 16, 5, 15, 45, 239
 54, 37, 26, 21, 26, 38, 54, 45, 14, 3, 14, 45, 110
 55, 37, 25, 19, 26, 38, 55, 45, 15, 2, 15, 45, 217
 55, 36, 24, 18, 25, 37, 55, 46, 15, 1, 15, 46, 40
 72, 49, 34, 31, 37, 52, 72, 61, 22, 14, 20, 61, 221
 72, 49, 34, 31, 37, 52, 72, 61, 24, 14, 21, 61, 53
 71, 48, 34, 29, 35, 51, 71, 59, 22, 12, 21, 59, 96
 70, 46, 32, 29, 35, 50, 70, 57, 20, 10, 19, 57, 0
 68, 47, 33, 29, 35, 50, 68, 56, 20, 10, 18, 56, 115
 67, 47, 34, 31, 37, 50, 67, 54, 21, 12, 19, 54, 232
 66, 46, 35, 32, 38, 50, 66, 54, 22, 13, 19, 54, 251
 93, 69, 53, 46, 52, 67, 93, 76, 31, 20, 32, 76, 108
 93, 69, 53, 46, 52, 67, 93, 76, 31, 20, 32, 76, 140
 92, 70, 55, 47, 55, 69, 92, 76, 32, 20, 32, 76, 56
 93, 72, 60, 52, 60, 73, 93, 76, 35, 24, 36, 76, 248
 89, 65, 50, 44, 52, 66, 89, 74, 28, 15, 27, 74, 161
 84, 55, 36, 29, 38, 56, 84, 70, 21, 1, 21, 70, 151
 83, 52, 34, 26, 36, 53, 83, 67, 21, 1, 21, 67, 129
 42, 27, 20, 17, 20, 27, 42, 33, 10, 4, 11, 33, 223
 42, 28, 18, 14, 19, 27, 42, 35, 11, 2, 11, 35, 121
 42, 31, 27, 25, 27, 32, 42, 33, 12, 6, 11, 33, 60
 39, 32, 29, 26, 28, 30, 39, 30, 12, 8, 12, 30, 80
 40, 31, 29, 27, 29, 32, 40, 31, 11, 7, 11, 31, 22
 37, 29, 26, 24, 25, 29, 37, 29, 10, 6, 10, 29, 139
 40, 29, 24, 20, 22, 28, 40, 32, 10, 6, 11, 32, 48
 29, 18, 10, 8, 12, 18, 29, 24, 8, 1, 7, 24, 255
 29, 18, 10, 8, 12, 18, 29, 24, 8, 2, 7, 24, 213
 29, 19, 10, 8, 12, 18, 29, 24, 8, 1, 8, 24, 74
 29, 19, 10, 8, 11, 18, 29, 25, 8, 1, 7, 25, 13
 29, 18, 10, 8, 12, 18, 29, 24, 8, 2, 7, 24, 107
 30, 19, 10, 8, 11, 18, 30, 25, 8, 1, 7, 25, 158
 30, 19, 10, 8, 11, 18, 30, 25, 8, 2, 7, 25, 25
 28, 19, 12, 9, 11, 17, 28, 24, 7, 2, 8, 24, 125
 31, 21, 11, 6, 10, 19, 31, 27, 8, 1, 9, 27, 234
 32, 21, 12, 5, 10, 20, 32, 27, 8, 1, 9, 27, 17
 32, 21, 11, 7, 10, 19, 32, 28, 8, 1, 9, 28, 11
 31, 20, 11, 6, 9, 18, 31, 27, 7, 0, 9, 27, 65
 31, 20, 11, 7, 10, 18, 31, 27, 7, 1, 9, 27, 38
 30, 19, 10, 5, 9, 18, 30, 25, 7, 1, 8, 25, 120
 87, 59, 42, 35, 44, 61, 87, 71, 25, 5, 21, 71, 70
 86, 62, 46, 37, 46, 63, 86, 71, 27, 3, 24, 71, 245
 89, 62, 45, 36, 46, 63, 89, 73, 26, 2, 23, 73, 86
 89, 63, 45, 37, 45, 61, 89, 72, 25, 3, 23, 72, 237
 90, 62, 46, 37, 46, 62, 90, 74, 27, 2, 23, 74, 68
 89, 62, 44, 36, 46, 64, 89, 74, 27, 6, 22, 74, 219
 89, 61, 44, 36, 47, 63, 89, 75, 27, 5, 24, 75, 134
 53, 32, 19, 12, 19, 33, 53, 44, 14, 1, 13, 44, 91
 53, 32, 19, 12, 19, 33, 53, 44, 13, 0, 13, 44, 28
 53, 33, 18, 12, 20, 33, 53, 45, 14, 1, 13, 45, 156
 54, 33, 19, 12, 20, 34, 54, 46, 14, 1, 14, 46, 120
 54, 33, 19, 13, 20, 33, 54, 46, 14, 1, 13, 46, 162
 55, 33, 19, 12, 19, 35, 55, 46, 14, 1, 13, 46, 90
 57, 34, 19, 12, 21, 35, 57, 49, 14, 0, 13, 49, 68
 62, 40, 27, 21, 26, 40, 62, 51, 14, 1, 16, 51, 203
 62, 39, 28, 21, 29, 40, 62, 50, 14, 1, 15, 50, 207
 61, 39, 27, 20, 26, 39, 61, 49, 14, 1, 15, 49, 198
 62, 40, 27, 21, 27, 39, 62, 50, 14, 0, 16, 50, 8
 62, 39, 27, 21, 27, 40, 62, 50, 13, 1, 15, 50, 232
 61, 38, 26, 20, 27, 39, 61, 49, 13, 1, 15, 49, 217
 61, 38, 26, 20, 26, 38, 61, 49, 13, 1, 15, 49, 242
 43, 28, 20, 16, 20, 27, 43, 33, 10, 4, 10, 33, 59
 43, 28, 20, 16, 20, 27, 43, 33, 10, 4, 10, 33, 171
 41, 29, 22, 18, 22, 28, 41, 32, 10, 5, 10, 32, 120
 41, 30, 25, 22, 26, 30, 41, 32, 13, 9, 12, 32, 185
 41, 30, 26, 23, 26, 31, 41, 32, 15, 11, 13, 32, 68
 41, 31, 25, 22, 26, 30, 41, 32, 13, 9, 13, 32, 52
 41, 28, 23, 22, 24, 28, 41, 31, 12, 8, 11, 31, 152
 41, 28, 23, 21, 24, 29, 41, 32, 12, 8, 11, 32, 218
 42, 31, 25, 22, 25, 32, 42, 32, 15, 9, 12, 32, 108
 41, 30, 25, 23, 26, 31, 41, 33, 14, 9, 11, 33, 152
 41, 28, 17, 12, 16, 26, 41, 33, 10, 1, 12, 33, 52
 39, 26, 16, 11, 15, 25, 39, 32, 10, 2, 13, 32, 211
 42, 29, 18, 13, 18, 28, 42, 34, 11, 1, 13, 34, 62
 42, 29, 18, 11, 16, 26, 42, 34, 11, 1, 13, 34, 62
 31, 19, 11, 6, 12, 20, 31, 26, 9, 1, 9, 26, 55
 32, 21, 12, 7, 13, 21, 32, 26, 10, 1, 8, 26, 21
 31, 20, 11, 7, 12, 20, 31, 26, 9, 1, 8, 26, 145
 30, 19, 11, 7, 12, 20, 30, 25, 8, 1, 8, 25, 172
 29, 19, 10, 6, 10, 19, 29, 25, 7, 1, 7, 25, 198
 28, 18, 10, 7, 11, 19, 28, 24, 7, 1, 7, 24, 221
 28, 18, 12, 8, 12, 19, 28, 23, 8, 2, 7, 23, 229
 43, 28, 21, 18, 22, 29, 43, 33, 10, 3, 11, 33, 3
 45, 29, 21, 18, 24, 30, 45, 35, 10, 2, 12, 35, 153
 44, 30, 22, 19, 24, 29, 44, 35, 10, 4, 11, 35, 131
 43, 30, 24, 22, 25, 31, 43, 34, 13, 7, 12, 34, 51
 42, 28, 22, 21, 24, 30, 42, 32, 12, 6, 11, 32, 240
 42, 29, 22, 19, 24, 29, 42, 32, 11, 5, 11, 32, 177
 45, 30, 22, 19, 23, 30, 45, 35, 11, 6, 10, 35, 18
 60, 43, 34, 30, 34, 44, 60, 48, 16, 7, 15, 48, 80
 59, 43, 34, 30, 35, 44, 59, 47, 16, 6, 15, 47, 255
 60, 42, 34, 30, 35, 44, 60, 47, 17, 7, 15, 47, 6
 60, 42, 33, 30, 35, 44, 60, 48, 16, 5, 15, 48, 188
 55, 36, 24, 17, 23, 36, 55, 45, 15, 2, 17, 45, 190
 59, 38, 28, 23, 28, 38, 59, 47, 16, 5, 15, 47, 110
 58, 39, 31, 26, 33, 41, 58, 46, 16, 5, 15, 46, 92
 48, 33, 25, 20, 25, 34, 48, 39, 16, 9, 15, 39, 55
 49, 34, 26, 21, 26, 35, 49, 41, 18, 11, 16, 41, 220
 49, 34, 26, 21, 26, 36, 49, 41, 16, 9, 15, 41, 63
 50, 35, 26, 22, 26, 35, 50, 41, 17, 10, 15, 41, 63
 48, 34, 26, 22, 26, 35, 48, 40, 17, 10, 16, 40, 230
 46, 30, 20, 16, 21, 30, 46, 39, 12, 6, 12, 39, 89
 47, 34, 25, 21, 25, 34, 47, 39, 16, 9, 14, 39, 173
 73, 48, 26, 18, 28, 48, 73, 61, 22, 3, 20, 61, 252
 72, 48, 28, 18, 29, 48, 72, 60, 22, 6, 20, 60, 94
 72, 50, 31, 21, 31, 50, 72, 62, 23, 8, 21, 62, 177
 73, 49, 30, 21, 31, 49, 73, 62, 23, 7, 22, 62, 192
 73, 48, 29, 19, 29, 49, 73, 61, 23, 5, 20, 61, 6
 73, 48, 27, 16, 28, 48, 73, 61, 22, 3, 20, 61, 98
 73, 48, 27, 15, 26, 47, 73, 61, 22, 1, 22, 61, 43
 44, 33, 29, 26, 29, 34, 44, 36, 18, 14, 18, 36, 112
 44, 33, 29, 26, 30, 34, 44, 37, 16, 12, 15, 37, 69
 45, 35, 32, 28, 31, 35, 45, 37, 17, 12, 16, 37, 9
 45, 36, 32, 28, 32, 35, 45, 38, 16, 12, 17, 38, 176
 47, 34, 28, 25, 29, 35, 47, 39, 18, 14, 18, 39, 195
 45, 32, 25, 22, 26, 33, 45, 39, 15, 11, 14, 39, 242
 47, 31, 24, 20, 25, 31, 47, 37, 13, 8, 13, 37, 78
 46, 36, 33, 28, 33, 37, 46, 36, 17, 10, 16, 36, 251
 46, 36, 32, 29, 33, 39, 46, 37, 18, 11, 15, 37, 50
 45, 36, 32, 28, 32, 37, 45, 36, 17, 11, 15, 36, 220
 46, 36, 32, 29, 34, 39, 46, 37, 18, 12, 17, 37, 188
 44, 34, 31, 28, 32, 37, 44, 35, 15, 9, 14, 35, 25
 42, 33, 29, 28, 30, 35, 42, 34, 16, 12, 15, 34, 83
 41, 32, 29, 26, 29, 33, 41, 33, 14, 9, 14, 33, 228
 42, 27, 19, 13, 18, 28, 42, 36, 13, 0, 12, 36, 8
 42, 27, 19, 14, 19, 28, 42, 36, 12, 1, 12, 36, 60
 41, 28, 19, 14, 18, 28, 41, 35, 10, 1, 12, 35, 253
 40, 28, 20, 15, 19, 28, 40, 33, 12, 4, 12, 33, 53
 40, 28, 20, 15, 19, 28, 40, 33, 12, 4, 12, 33, 33
 46, 37, 29, 24, 29, 37, 46, 38, 14, 7, 15, 38, 150
 47, 37, 27, 22, 26, 35, 47, 39, 13, 6, 15, 39, 134
 42, 26, 19, 16, 20, 26, 42, 32, 8, 2, 10, 32, 153
 40, 26, 19, 17, 21, 27, 40, 32, 9, 2, 10, 32, 154
 41, 27, 19, 17, 20, 27, 41, 32, 8, 2, 9, 32, 87
 40, 27, 22, 19, 22, 29, 40, 32, 10, 4, 10, 32, 51
 42, 28, 23, 20, 24, 29, 42, 33, 12, 6, 11, 33, 67
 43, 30, 24, 21, 24, 31, 43, 34, 12, 6, 12, 34, 206
 43, 28, 22, 19, 23, 29, 43, 34, 11, 5, 11, 34, 209
 43, 33, 27, 23, 26, 34, 43, 35, 13, 7, 14, 35, 252
 37, 26, 22, 18, 22, 26, 37, 29, 10, 1, 12, 29, 14
 44, 31, 24, 19, 22, 30, 44, 36, 13, 8, 13, 36, 6
 44, 34, 28, 25, 29, 35, 44, 35, 14, 7, 13, 35, 106
 43, 34, 29, 26, 30, 35, 43, 35, 15, 8, 14, 35, 30
 44, 35, 30, 28, 31, 36, 44, 36, 14, 9, 13, 36, 144
 43, 33, 29, 26, 30, 35, 43, 33, 14, 9, 13, 33, 50
 42, 33, 30, 28, 30, 35, 42, 34, 13, 7, 13, 34, 97
 43, 35, 31, 29, 32, 35, 43, 34, 14, 8, 14, 34, 168
 43, 36, 32, 29, 31, 36, 43, 35, 14, 8, 14, 35, 241
 44, 36, 31, 29, 31, 36, 44, 36, 14, 8, 14, 36, 68
 45, 36, 31, 28, 31, 36, 45, 36, 14, 8, 13, 36, 146
 44, 34, 29, 25, 29, 34, 44, 36, 13, 6, 13, 36, 228
 43, 33, 27, 24, 27, 33, 43, 35, 13, 6, 13, 35, 34
 66, 43, 27, 17, 24, 41, 66, 56, 18, 4, 19, 56, 235
 64, 42, 26, 18, 24, 41, 64, 54, 17, 3, 19, 54, 181
 62, 43, 27, 20, 25, 40, 62, 51, 16, 4, 17, 51, 170
 63, 43, 26, 19, 25, 40, 63, 53, 17, 5, 18, 53, 2
 63, 40, 24, 16, 22, 38, 63, 52, 15, 3, 17, 52, 53
 64, 41, 24, 15, 23, 39, 64, 54, 17, 2, 17, 54, 95
 64, 42, 24, 15, 24, 39, 64, 54, 17, 2, 18, 54, 47
 44, 34, 29, 26, 30, 34, 44, 36, 13, 7, 13, 36, 249
 45, 35, 29, 26, 29, 35, 45, 36, 13, 7, 13, 36, 47
 45, 35, 29, 26, 30, 35, 45, 36, 14, 8, 13, 36, 101
 46, 35, 29, 26, 30, 36, 46, 38, 13, 7, 14, 38, 105
 46, 35, 30, 26, 29, 34, 46, 38, 14, 7, 13, 38, 4
 46, 35, 28, 24, 28, 34, 46, 37, 14, 7, 13, 37, 249
 47, 35, 27, 24, 28, 35, 47, 39, 13, 7, 14, 39, 179
 47, 39, 35, 33, 37, 41, 47, 38, 20, 14, 17, 38, 186
 49, 39, 36, 32, 37, 41, 49, 40, 20, 14, 18, 40, 187
 48, 37, 34, 31, 34, 39, 48, 38, 18, 12, 16, 38, 218
 49, 38, 32, 29, 33, 40, 49, 40, 19, 13, 16, 40, 4
 49, 37, 30, 28, 32, 39, 49, 39, 17, 11, 15, 39, 18
 49, 38, 31, 28, 32, 38, 49, 40, 17, 11, 15, 40, 215
 48, 37, 30, 26, 31, 38, 48, 39, 16, 9, 15, 39, 63
 35, 21, 10, 4, 10, 19, 35, 30, 8, 1, 10, 30, 6
 32, 21, 10, 4, 8, 19, 32, 29, 8, 1, 9, 29, 40
 33, 21, 10, 4, 8, 19, 33, 29, 8, 1, 9, 29, 231
 33, 21, 11, 4, 8, 19, 33, 30, 9, 1, 9, 30, 253
 33, 21, 11, 4, 9, 19, 33, 29, 8, 1, 9, 29, 166
 33, 21, 11, 4, 9, 19, 33, 29, 9, 1, 9, 29, 220
 34, 21, 10, 4, 9, 19, 34, 29, 8, 1, 9, 29, 111
 44, 29, 22, 18, 22, 29, 44, 33, 11, 4, 10, 33, 33
 44, 29, 20, 17, 21, 30, 44, 34, 11, 3, 10, 34, 174
 43, 27, 17, 14, 18, 26, 43, 34, 8, 1, 10, 34, 87
 44, 27, 18, 12, 17, 26, 44, 35, 9, 1, 9, 35, 249
 43, 28, 16, 12, 17, 27, 43, 35, 9, 1, 10, 35, 221
 43, 26, 16, 11, 15, 25, 43, 36, 7, 1, 9, 36, 186
 42, 28, 19, 14, 18, 27, 42, 34, 10, 3, 10, 34, 36
 91, 58, 41, 34, 43, 60, 91, 73, 20, 1, 21, 73, 231
 92, 58, 38, 30, 40, 55, 92, 71, 17, 3, 21, 71, 208
 90, 59, 45, 38, 46, 59, 90, 70, 21, 7, 21, 70, 78
 82, 61, 54, 48, 55, 62, 82, 63, 29, 19, 23, 63, 26
 88, 65, 57, 52, 60, 67, 88, 67, 34, 26, 30, 67, 219
 91, 64, 50, 44, 50, 64, 91, 73, 24, 15, 23, 73, 56
 94, 61, 43, 36, 44, 60, 94, 75, 21, 7, 23, 75, 157
 32, 20, 10, 4, 8, 18, 32, 28, 8, 1, 9, 28, 0
 31, 19, 9, 4, 8, 18, 31, 27, 7, 1, 9, 27, 1
 31, 19, 9, 4, 8, 18, 31, 27, 8, 0, 8, 27, 175
 31, 19, 10, 4, 7, 18, 31, 27, 8, 0, 8, 27, 3
 31, 20, 10, 4, 9, 18, 31, 27, 8, 1, 9, 27, 16
 32, 20, 10, 4, 9, 18, 32, 28, 7, 1, 9, 28, 29
 32, 20, 10, 4, 7, 18, 32, 27, 7, 1, 9, 27, 199
 41, 25, 17, 14, 18, 26, 41, 31, 8, 3, 9, 31, 7
 43, 28, 20, 17, 21, 29, 43, 33, 9, 1, 9, 33, 9
 41, 28, 20, 17, 21, 28, 41, 32, 10, 2, 10, 32, 46
 39, 28, 24, 21, 26, 29, 39, 29, 11, 6, 10, 29, 40
 41, 29, 25, 23, 27, 31, 41, 33, 13, 7, 12, 33, 101
 39, 29, 25, 24, 28, 31, 39, 31, 14, 9, 12, 31, 120
 41, 29, 25, 22, 26, 29, 41, 31, 12, 8, 11, 31, 60
 56, 39, 26, 20, 27, 39, 56, 47, 17, 4, 17, 47, 150
 57, 39, 26, 21, 28, 39, 57, 48, 17, 4, 17, 48, 249
 57, 39, 27, 18, 27, 38, 57, 48, 16, 4, 17, 48, 60
 72, 49, 33, 26, 32, 50, 72, 62, 23, 12, 21, 62, 100
 72, 49, 31, 24, 31, 49, 72, 61, 22, 10, 20, 61, 20
 72, 50, 32, 24, 31, 49, 72, 62, 21, 10, 20, 62, 231
 73, 50, 31, 25, 31, 49, 73, 62, 22, 10, 21, 62, 215
 73, 50, 33, 26, 32, 50, 73, 63, 22, 11, 21, 63, 46
 72, 49, 33, 24, 31, 47, 72, 61, 21, 10, 21, 61, 18
 73, 50, 33, 24, 31, 47, 73, 61, 21, 8, 20, 61, 113
 72, 56, 43, 36, 42, 54, 72, 60, 24, 12, 23, 60, 180
 72, 55, 41, 35, 41, 54, 72, 60, 23, 12, 23, 60, 165
 72, 54, 40, 34, 40, 53, 72, 60, 23, 13, 23, 60, 9
 69, 53, 41, 34, 40, 52, 69, 58, 23, 13, 23, 58, 87
 71, 52, 39, 34, 39, 52, 71, 59, 23, 11, 21, 59, 91
 70, 53, 41, 33, 39, 52, 70, 59, 22, 12, 23, 59, 247
 72, 54, 41, 34, 40, 53, 72, 60, 22, 13, 23, 60, 181
 67, 50, 37, 29, 36, 49, 67, 56, 20, 6, 20, 56, 74
 67, 50, 37, 31, 37, 51, 67, 55, 21, 9, 20, 55, 224
 66, 51, 40, 33, 38, 50, 66, 54, 21, 11, 21, 54, 39
 70, 56, 46, 39, 45, 56, 70, 58, 25, 15, 25, 58, 33
 69, 57, 48, 43, 48, 57, 69, 55, 25, 17, 25, 55, 233
 68, 56, 47, 41, 46, 56, 68, 55, 25, 18, 27, 55, 34
 65, 47, 34, 29, 34, 49, 65, 53, 19, 7, 19, 53, 207
 51, 52, 46, 38, 35, 32, 51, 42, 11, 14, 21, 42, 26
 46, 52, 47, 38, 35, 31, 46, 37, 13, 11, 20, 37, 80
 47, 51, 45, 38, 33, 30, 47, 38, 9, 9, 17, 38, 171
 60, 43, 30, 27, 36, 43, 60, 47, 14, 5, 14, 47, 221
 61, 50, 40, 30, 29, 36, 61, 48, 14, 1, 13, 48, 207
 62, 52, 41, 30, 28, 37, 62, 50, 14, 2, 14, 50, 133
 53, 50, 48, 42, 41, 38, 53, 40, 12, 12, 16, 40, 134
 30, 18, 12, 9, 12, 21, 30, 25, 8, 3, 8, 25, 1
 30, 20, 13, 9, 13, 22, 30, 25, 9, 2, 8, 25, 211
 30, 19, 11, 9, 14, 22, 30, 26, 8, 2, 8, 26, 160
 30, 18, 12, 9, 13, 22, 30, 25, 8, 3, 7, 25, 19
 30, 19, 10, 8, 12, 21, 30, 26, 8, 2, 7, 26, 245
 29, 18, 9, 7, 11, 20, 29, 25, 8, 1, 6, 25, 202
 28, 18, 10, 7, 11, 20, 28, 24, 8, 1, 6, 24, 152
 46, 31, 22, 19, 23, 32, 46, 38, 13, 4, 12, 38, 90
 45, 30, 22, 18, 22, 30, 45, 37, 11, 5, 12, 37, 21
 39, 25, 14, 10, 15, 25, 39, 33, 10, 1, 10, 33, 112
 43, 29, 21, 18, 23, 30, 43, 36, 13, 5, 12, 36, 48
 42, 30, 20, 16, 21, 30, 42, 35, 12, 5, 11, 35, 86
 44, 31, 23, 19, 23, 31, 44, 35, 12, 4, 12, 35, 55
 43, 28, 20, 18, 22, 30, 43, 34, 11, 2, 9, 34, 160
 55, 39, 23, 14, 19, 36, 55, 48, 14, 3, 15, 48, 190
 56, 38, 22, 14, 20, 36, 56, 48, 14, 4, 17, 48, 125
 54, 38, 24, 16, 21, 36, 54, 46, 13, 6, 15, 46, 103
 35, 28, 23, 20, 20, 24, 35, 29, 8, 6, 10, 29, 222
 34, 29, 24, 21, 21, 25, 34, 29, 9, 7, 11, 29, 40
 36, 30, 24, 20, 22, 26, 36, 30, 9, 6, 11, 30, 98
 39, 30, 22, 18, 20, 30, 39, 32, 9, 4, 12, 32, 158
 87, 59, 38, 29, 38, 58, 87, 73, 23, 7, 23, 73, 241
 87, 58, 37, 28, 36, 58, 87, 74, 24, 7, 23, 74, 22
 88, 57, 34, 25, 35, 57, 88, 75, 23, 5, 23, 75, 4
 87, 57, 36, 29, 39, 59, 87, 73, 24, 6, 23, 73, 218
 87, 57, 36, 28, 36, 57, 87, 72, 23, 5, 21, 72, 104
 86, 57, 37, 28, 37, 57, 86, 73, 24, 7, 22, 73, 30
 88, 57, 34, 24, 35, 57, 88, 73, 24, 5, 23, 73, 7
 42, 36, 26, 19, 19, 27, 42, 35, 9, 5, 13, 35, 208
 42, 36, 27, 20, 19, 26, 42, 36, 9, 6, 14, 36, 77
 43, 35, 26, 20, 20, 27, 43, 34, 9, 5, 13, 34, 147
 44, 38, 29, 21, 20, 28, 44, 36, 10, 7, 15, 36, 110
 39, 37, 31, 25, 22, 26, 39, 33, 9, 9, 17, 33, 137
 45, 40, 31, 23, 22, 29, 45, 36, 10, 10, 18, 36, 241
 44, 41, 31, 24, 23, 29, 44, 36, 11, 12, 19, 36, 231
 29, 20, 12, 10, 9, 17, 29, 24, 6, 3, 8, 24, 37
 29, 21, 14, 10, 10, 17, 29, 25, 6, 3, 8, 25, 104
 29, 20, 13, 10, 10, 18, 29, 24, 7, 2, 8, 24, 80
 29, 19, 12, 8, 9, 16, 29, 23, 6, 1, 8, 23, 70
 30, 20, 12, 7, 9, 17, 30, 25, 7, 2, 8, 25, 21
 30, 20, 12, 7, 10, 17, 30, 25, 6, 1, 8, 25, 57
 30, 20, 14, 9, 11, 18, 30, 25, 7, 2, 7, 25, 203
 52, 36, 25, 19, 25, 34, 52, 42, 12, 2, 15, 42, 181
 52, 37, 26, 20, 27, 38, 52, 43, 13, 2, 15, 43, 243
 53, 37, 25, 19, 26, 36, 53, 43, 13, 1, 16, 43, 186
 53, 37, 26, 20, 25, 36, 53, 43, 12, 2, 15, 43, 98
 54, 37, 26, 19, 26, 37, 54, 43, 12, 1, 16, 43, 234
 54, 38, 25, 19, 26, 37, 54, 43, 12, 1, 16, 43, 88
 53, 36, 23, 15, 22, 35, 53, 43, 12, 1, 16, 43, 243
 71, 43, 21, 10, 20, 44, 71, 63, 17, 0, 18, 63, 246
 71, 43, 21, 11, 20, 42, 71, 62, 18, 0, 18, 62, 227
 70, 42, 21, 11, 20, 42, 70, 61, 17, 0, 18, 61, 23
 67, 41, 20, 11, 20, 40, 67, 58, 17, 1, 17, 58, 218
 69, 42, 22, 10, 20, 41, 69, 60, 17, 1, 18, 60, 53
 69, 43, 22, 11, 20, 41, 69, 60, 17, 1, 18, 60, 252
 68, 42, 21, 12, 20, 41, 68, 59, 17, 0, 17, 59, 24
 79, 57, 44, 37, 47, 60, 79, 62, 23, 7, 22, 62, 50
 79, 56, 43, 36, 46, 59, 79, 64, 23, 6, 22, 64, 49
 77, 54, 41, 34, 43, 57, 77, 63, 22, 4, 22, 63, 123
 79, 54, 39, 31, 40, 57, 79, 65, 22, 3, 22, 65, 115
 80, 54, 39, 31, 41, 58, 80, 66, 22, 3, 22, 66, 42
 82, 56, 40, 34, 43, 59, 82, 66, 22, 4, 22, 66, 23
 82, 55, 40, 32, 41, 58, 82, 68, 22, 3, 22, 68, 67
 51, 39, 32, 29, 33, 39, 51, 44, 20, 14, 18, 44, 57
 51, 39, 32, 29, 33, 39, 51, 44, 20, 14, 18, 44, 95
 50, 39, 33, 30, 33, 39, 50, 41, 20, 14, 18, 41, 205
 57, 46, 36, 31, 33, 42, 57, 50, 20, 13, 19, 50, 22
 57, 45, 36, 31, 33, 41, 57, 50, 20, 13, 19, 50, 251
 55, 44, 34, 30, 35, 41, 55, 50, 19, 13, 20, 50, 29
 50, 41, 33, 29, 33, 39, 50, 44, 20, 15, 19, 44, 4
 45, 35, 28, 25, 29, 35, 45, 37, 15, 11, 15, 37, 43
 46, 32, 24, 20, 25, 34, 46, 38, 14, 8, 12, 38, 99
 43, 31, 23, 19, 23, 31, 43, 35, 13, 8, 13, 35, 92
 44, 32, 25, 20, 24, 32, 44, 35, 13, 5, 11, 35, 51
 46, 32, 24, 20, 23, 33, 46, 37, 13, 5, 12, 37, 223
 36, 29, 27, 25, 26, 30, 36, 27, 10, 5, 10, 27, 252
 35, 28, 26, 24, 27, 29, 35, 27, 10, 6, 9, 27, 40
 37, 30, 28, 26, 29, 32, 37, 29, 11, 5, 10, 29, 106
 37, 30, 28, 26, 29, 31, 37, 28, 11, 4, 10, 28, 60
 41, 31, 28, 25, 28, 32, 41, 31, 10, 4, 11, 31, 227
 43, 32, 28, 25, 29, 33, 43, 33, 10, 4, 11, 33, 1
 45, 31, 25, 21, 24, 32, 45, 36, 12, 2, 12, 36, 35
 36, 24, 18, 17, 20, 26, 36, 31, 11, 6, 8, 31, 105
 36, 24, 19, 19, 21, 27, 36, 30, 12, 7, 9, 30, 29
 33, 23, 17, 16, 20, 25, 33, 27, 9, 4, 7, 27, 224
 32, 22, 17, 17, 19, 25, 32, 27, 8, 4, 7, 27, 226
 31, 21, 16, 16, 18, 24, 31, 25, 7, 3, 6, 25, 9
 32, 23, 18, 17, 20, 26, 32, 27, 8, 2, 7, 27, 69
 30, 20, 18, 19, 21, 25, 30, 25, 8, 4, 6, 25, 188
 56, 46, 41, 39, 43, 47, 56, 43, 19, 14, 18, 43, 47
 55, 46, 42, 40, 43, 47, 55, 43, 19, 14, 18, 43, 16
 54, 45, 41, 39, 42, 45, 54, 42, 19, 14, 18, 42, 213
 55, 45, 40, 38, 42, 46, 55, 42, 19, 12, 18, 42, 10
 56, 47, 42, 40, 42, 47, 56, 44, 19, 13, 19, 44, 166
 49, 38, 32, 29, 33, 39, 49, 40, 17, 9, 16, 40, 240
 40, 25, 15, 8, 15, 26, 40, 31, 15, 8, 13, 31, 240
 46, 33, 29, 26, 30, 35, 46, 38, 16, 11, 16, 38, 117
 48, 34, 29, 26, 29, 36, 48, 38, 16, 10, 14, 38, 146
 48, 34, 29, 27, 31, 36, 48, 38, 18, 14, 17, 38, 149
 49, 34, 28, 25, 29, 35, 49, 39, 19, 13, 17, 39, 75
 50, 35, 30, 27, 32, 37, 50, 40, 19, 11, 16, 40, 104
 51, 37, 30, 27, 31, 38, 51, 42, 19, 13, 18, 42, 191
 34, 24, 18, 13, 17, 23, 34, 27, 9, 3, 10, 27, 19
 34, 22, 14, 11, 15, 21, 34, 28, 7, 1, 10, 28, 151
 34, 25, 17, 12, 16, 23, 34, 28, 8, 2, 11, 28, 251
 37, 25, 18, 14, 17, 24, 37, 29, 10, 3, 10, 29, 235
 35, 24, 17, 13, 16, 22, 35, 28, 8, 1, 10, 28, 35
 36, 25, 19, 12, 15, 24, 36, 28, 10, 3, 13, 28, 26
 36, 25, 18, 14, 17, 23, 36, 29, 9, 2, 10, 29, 79
 44, 28, 19, 15, 20, 28, 44, 35, 11, 1, 9, 35, 84
 43, 28, 19, 15, 19, 27, 43, 35, 11, 1, 9, 35, 73
 44, 28, 20, 16, 19, 27, 44, 35, 10, 1, 9, 35, 185
 43, 27, 20, 15, 19, 27, 43, 34, 10, 2, 10, 34, 166
 41, 28, 21, 17, 20, 27, 41, 33, 13, 2, 8, 33, 103
 45, 29, 19, 14, 20, 30, 45, 37, 13, 1, 10, 37, 206
 47, 31, 21, 16, 20, 30, 47, 39, 13, 2, 10, 39, 231
 31, 22, 16, 13, 16, 22, 31, 25, 9, 3, 10, 25, 172
 31, 21, 16, 13, 16, 22, 31, 25, 9, 3, 10, 25, 255
 35, 25, 18, 16, 19, 25, 35, 29, 12, 8, 12, 29, 28
 40, 28, 20, 17, 20, 29, 40, 34, 14, 9, 13, 34, 8
 36, 26, 19, 16, 19, 26, 36, 31, 13, 9, 12, 31, 237
 37, 28, 21, 19, 21, 28, 37, 31, 14, 11, 13, 31, 70
 36, 26, 20, 18, 20, 26, 36, 30, 13, 10, 11, 30, 132
 59, 46, 34, 27, 30, 38, 59, 49, 14, 4, 17, 49, 227
 60, 46, 34, 27, 31, 39, 60, 50, 14, 5, 17, 50, 238
 59, 46, 36, 28, 30, 38, 59, 50, 14, 6, 16, 50, 54
 62, 48, 38, 29, 33, 42, 62, 50, 15, 5, 18, 50, 156
 66, 48, 38, 28, 34, 44, 66, 54, 17, 4, 18, 54, 105
 70, 49, 35, 27, 33, 48, 70, 59, 19, 3, 19, 59, 100
 70, 49, 35, 27, 34, 49, 70, 59, 19, 2, 19, 59, 246
 76, 58, 47, 39, 46, 57, 76, 61, 23, 10, 22, 61, 71
 74, 58, 47, 39, 45, 57, 74, 60, 23, 10, 22, 60, 39
 75, 57, 45, 37, 44, 56, 75, 61, 23, 8, 21, 61, 202
 74, 55, 45, 38, 43, 54, 74, 57, 21, 8, 19, 57, 95
 69, 53, 41, 34, 41, 51, 69, 56, 21, 9, 20, 56, 177
 70, 53, 41, 33, 39, 50, 70, 56, 22, 6, 19, 56, 17
 65, 48, 38, 30, 36, 47, 65, 51, 20, 3, 16, 51, 51
 42, 33, 27, 22, 28, 35, 42, 33, 13, 3, 14, 33, 178
 42, 33, 27, 22, 28, 35, 42, 33, 13, 3, 14, 33, 129
 44, 33, 27, 24, 29, 36, 44, 34, 12, 3, 13, 34, 175
 47, 34, 28, 25, 30, 36, 47, 36, 13, 4, 13, 36, 122
 48, 36, 30, 27, 32, 38, 48, 39, 13, 5, 14, 39, 165
 47, 37, 32, 29, 35, 40, 47, 36, 17, 9, 15, 36, 114
 47, 38, 36, 33, 37, 42, 47, 36, 19, 11, 17, 36, 0
 87, 60, 46, 39, 48, 63, 87, 72, 26, 11, 25, 72, 39
 89, 62, 47, 39, 48, 64, 89, 72, 26, 11, 25, 72, 191
 87, 61, 48, 40, 49, 64, 87, 72, 26, 11, 25, 72, 72
 86, 61, 48, 41, 50, 64, 86, 70, 26, 11, 24, 70, 81
 83, 63, 51, 45, 53, 65, 83, 68, 27, 14, 24, 68, 210
 83, 64, 55, 50, 57, 67, 83, 67, 29, 19, 28, 67, 194
 85, 64, 53, 47, 54, 65, 85, 69, 30, 20, 29, 69, 105
 77, 56, 41, 32, 42, 58, 77, 65, 25, 5, 20, 65, 163
 79, 56, 40, 31, 43, 58, 79, 65, 25, 5, 20, 65, 231
 79, 55, 39, 32, 43, 59, 79, 66, 26, 5, 20, 66, 250
 78, 55, 40, 33, 42, 59, 78, 64, 25, 5, 21, 64, 118
 80, 57, 41, 33, 43, 59, 80, 67, 26, 5, 20, 67, 39
 78, 56, 40, 32, 43, 58, 78, 65, 25, 5, 19, 65, 167
 80, 56, 41, 33, 43, 58, 80, 65, 25, 5, 20, 65, 216
 53, 36, 25, 21, 26, 37, 53, 44, 14, 7, 15, 44, 163
 54, 36, 25, 21, 26, 38, 54, 45, 15, 6, 15, 45, 173
 52, 36, 26, 21, 29, 38, 52, 44, 16, 8, 16, 44, 54
 53, 37, 27, 24, 29, 39, 53, 44, 16, 9, 17, 44, 94
 54, 38, 28, 24, 29, 40, 54, 45, 17, 9, 17, 45, 113
 54, 37, 27, 23, 29, 39, 54, 45, 16, 8, 17, 45, 27
 55, 37, 26, 20, 27, 39, 55, 46, 15, 6, 15, 46, 240
 55, 44, 39, 37, 41, 47, 55, 44, 23, 16, 20, 44, 185
 57, 46, 41, 39, 44, 48, 57, 45, 24, 17, 21, 45, 6
 56, 45, 41, 37, 43, 47, 56, 45, 23, 15, 20, 45, 198
 57, 45, 38, 36, 42, 48, 57, 46, 24, 15, 19, 46, 82
 57, 44, 38, 34, 40, 47, 57, 45, 20, 11, 18, 45, 125
 56, 44, 37, 33, 39, 47, 56, 46, 20, 11, 18, 46, 154
 58, 45, 39, 37, 41, 48, 58, 47, 24, 16, 19, 47, 18
 59, 44, 31, 24, 31, 42, 59, 48, 17, 6, 17, 48, 20
 34, 30, 27, 22, 23, 25, 34, 28, 11, 8, 14, 28, 138
 34, 31, 26, 22, 23, 25, 34, 28, 11, 8, 14, 28, 99
 33, 30, 27, 22, 22, 24, 33, 26, 11, 8, 15, 26, 64
 33, 29, 23, 20, 21, 25, 33, 26, 11, 6, 12, 26, 43
 32, 28, 24, 20, 21, 25, 32, 25, 10, 7, 13, 25, 52
 33, 29, 24, 20, 22, 25, 33, 26, 11, 8, 13, 26, 227
 32, 29, 23, 19, 21, 23, 32, 25, 9, 5, 11, 25, 138
 88, 62, 45, 36, 47, 63, 88, 71, 23, 4, 26, 71, 32
 87, 62, 45, 37, 46, 63, 87, 71, 24, 5, 25, 71, 138
 86, 60, 43, 35, 43, 61, 86, 70, 22, 4, 25, 70, 204
 84, 60, 44, 35, 44, 62, 84, 68, 22, 4, 25, 68, 1
 82, 58, 43, 34, 43, 59, 82, 67, 20, 4, 24, 67, 230
 79, 56, 41, 33, 41, 57, 79, 64, 19, 2, 23, 64, 68
 78, 55, 40, 31, 40, 55, 78, 66, 19, 2, 23, 66, 47
 54, 39, 32, 29, 33, 39, 54, 42, 16, 8, 15, 42, 231
 56, 42, 35, 30, 34, 40, 56, 44, 16, 10, 16, 44, 204
 54, 39, 31, 28, 31, 39, 54, 43, 16, 9, 15, 43, 159
 54, 39, 30, 27, 31, 39, 54, 43, 16, 9, 15, 43, 52
 55, 43, 34, 31, 34, 42, 55, 44, 18, 10, 17, 44, 235
 58, 40, 30, 26, 30, 38, 58, 46, 15, 7, 14, 46, 176
 59, 38, 25, 20, 25, 39, 59, 49, 16, 7, 15, 49, 97
 54, 38, 28, 23, 29, 39, 54, 44, 16, 8, 16, 44, 189
 53, 38, 28, 24, 29, 38, 53, 43, 17, 8, 17, 43, 222
 52, 37, 29, 24, 29, 37, 52, 42, 17, 8, 16, 42, 162
 52, 38, 28, 24, 29, 37, 52, 43, 17, 8, 16, 43, 48
 52, 36, 28, 23, 28, 36, 52, 42, 15, 6, 14, 42, 205
 52, 37, 28, 23, 29, 37, 52, 42, 16, 8, 15, 42, 196
 51, 36, 27, 22, 27, 36, 51, 41, 15, 6, 15, 41, 236
 53, 44, 38, 35, 37, 42, 53, 42, 17, 8, 15, 42, 154
 53, 44, 37, 33, 37, 42, 53, 41, 17, 8, 16, 41, 71
 52, 39, 33, 29, 34, 39, 52, 41, 15, 8, 14, 41, 108
 53, 35, 25, 20, 25, 36, 53, 45, 15, 6, 15, 45, 73
 55, 37, 23, 19, 24, 37, 55, 47, 16, 7, 16, 47, 133
 55, 38, 26, 21, 27, 38, 55, 47, 17, 8, 17, 47, 99
 57, 39, 25, 19, 26, 38, 57, 49, 17, 6, 17, 49, 98
 26, 17, 11, 9, 11, 18, 26, 22, 7, 1, 7, 22, 10
 26, 18, 11, 10, 12, 18, 26, 22, 8, 2, 6, 22, 21
 27, 18, 11, 9, 12, 18, 27, 22, 7, 1, 6, 22, 128
 27, 17, 12, 9, 12, 17, 27, 22, 7, 2, 7, 22, 120
 25, 17, 10, 9, 11, 17, 25, 21, 7, 2, 6, 21, 90
 26, 18, 10, 9, 11, 17, 26, 22, 7, 2, 7, 22, 255
 27, 18, 11, 8, 11, 17, 27, 22, 7, 2, 7, 22, 174
 31, 20, 12, 8, 12, 19, 31, 26, 8, 2, 8, 26, 176
 30, 19, 10, 8, 11, 19, 30, 25, 9, 2, 7, 25, 85
 31, 19, 12, 8, 11, 19, 31, 26, 8, 2, 8, 26, 132
 31, 19, 11, 8, 12, 19, 31, 27, 8, 1, 8, 27, 173
 31, 19, 12, 8, 12, 20, 31, 27, 9, 1, 8, 27, 44
 30, 19, 11, 8, 10, 19, 30, 26, 8, 1, 8, 26, 3
 31, 19, 11, 8, 10, 19, 31, 26, 8, 2, 8, 26, 227
 46, 35, 31, 28, 31, 36, 46, 36, 15, 9, 15, 36, 209
 51, 35, 29, 27, 32, 39, 51, 42, 16, 9, 14, 42, 32
 47, 34, 30, 28, 31, 37, 47, 37, 15, 10, 14, 37, 170
 49, 35, 31, 27, 30, 36, 49, 39, 16, 10, 15, 39, 1
 46, 36, 32, 30, 33, 38, 46, 38, 16, 10, 15, 38, 186
 53, 36, 27, 21, 26, 36, 53, 46, 15, 6, 15, 46, 3
 53, 39, 33, 28, 33, 39, 53, 44, 18, 11, 17, 44, 12
 55, 38, 26, 22, 25, 36, 55, 45, 14, 6, 14, 45, 80
 56, 38, 26, 21, 25, 36, 56, 45, 13, 6, 14, 45, 235
 60, 38, 26, 20, 26, 38, 60, 49, 14, 4, 14, 49, 81
 62, 38, 24, 17, 22, 38, 62, 51, 13, 1, 15, 51, 144
 57, 35, 23, 17, 22, 35, 57, 47, 12, 2, 12, 47, 61
